Workbook
Name KeyA: 'אבני דרך'!$C$12
Name KeyB: 'אבני דרך'!$D$12
Name M_Key: 'אבני דרך'!$J$5:$J$16
Name M_ID: 'אבני דרך'!$A$5:$A$16
Name M_Name: 'אבני דרך'!$B$5:$B$16
Name M_Date: 'אבני דרך'!$E$5:$E$16
Name T_ID: 'משימות'!$A$5:$A$95
Name T_Phase: 'משימות'!$B$5:$B$95
Name T_Task: 'משימות'!$C$5:$C$95
Name T_Owner: 'משימות'!$D$5:$D$95
Name T_Prio: 'משימות'!$E$5:$E$95
Name T_Status: 'משימות'!$F$5:$F$95
Name T_Eff: 'משימות'!$G$5:$G$95
Name T_Prog: 'משימות'!$I$5:$I$95
Name T_Start: 'משימות'!$J$5:$J$95
Name T_Due: 'משימות'!$K$5:$K$95
Name T_Up: 'משימות'!$V$5:$V$95
Name T_Kan: 'משימות'!$W$5:$W$95
Name T_Ariel: 'משימות'!$X$5:$X$95
Name T_Rinat: 'משימות'!$Y$5:$Y$95
Name T_Tamar: 'משימות'!$Z$5:$Z$95
Name T_Other: 'משימות'!$AA$5:$AA$95
Name Scenario: 'לוח בקרה'!$D$4
Name KeyActual: 'לוח בקרה'!$K$4
Name TodayOverride: 'לוח בקרה'!$N$4
Name Today_: 'לוח בקרה'!$S$4
Name KeyActive: 'לוח בקרה'!$T$4
Name EvictDate: 'לוח בקרה'!$U$4
Name D_No: 'החלטות'!$A$5:$A$16
Name D_Name: 'החלטות'!$B$5:$B$16
Name D_Task: 'החלטות'!$E$5:$E$16
Name D_Due: 'החלטות'!$H$5:$H$16
Name D_Status: 'החלטות'!$I$5:$I$16
Name D_Key: 'החלטות'!$K$5:$K$16

Sheet לוח בקרה
B1: 🏡 בית אלון | מרכז ניהול השיפוץ
B2: ="📆 היום: "&TEXT(Today_,"dd/mm/yyyy")&" · 🎛️ תרחיש פעיל: "&IF(Scenario="B","B — מפתח מאוחר (ינואר)","A — מפתח מוקדם (תחילת דצמבר)")&" · 🔑 מפתח: "&TEXT(KeyActive,"dd/mm/yyyy")&IF(KeyActual<>""," (בפועל)"," (תכנון)")
B4: 🎛️ תרחיש פעיל ▼ | D4: A | E4: =IF(Scenario="B","B: מפתח 5.1.2027 · מגורי ביניים ~חודש + אחסון","A: מפתח 1.12.2026 · נכנסים מיד וגרים בבית בזמן השיפוץ") | I4: 🔑 מפתח בפועל (אם נקבע) | L4: 📅 "היום" לבדיקה (ריק = היום) | O4: ✏️ תאים צהובים = קלט. כל השאר מתעדכן לבד. | S4: =IF(N4<>"",N4,TODAY()) | T4: =IF(KeyActual<>"",KeyActual,IF(Scenario="B",KeyB,KeyA)) | U4: ='אבני דרך'!E9
B6: 📋 סה"כ משימות | D6: ✅ הושלמו | F6: 🔄 בתהליך | H6: ⏰ באיחור | J6: ⛔ תקוע / ממתין | L6: 📈 % השלמה | N6: 🔑 ימים למפתח | P6: 📦 ימים לפינוי
B7: =COUNTIF(T_ID,"?*") | D7: =COUNTIF(T_Status,"הושלם") | F7: =COUNTIF(T_Eff,"בתהליך") | H7: =COUNTIF(T_Eff,"באיחור") | J7: =COUNTIF(T_Eff,"תקוע")+COUNTIF(T_Eff,"ממתין") | L7: =IFERROR(SUMIFS(T_Prog,T_Status,"<>בוטל")/(COUNTIF(T_ID,"?*")-COUNTIF(T_Status,"בוטל")),0) | N7: =KeyActive-Today_ | P7: =IF(EvictDate="","",EvictDate-Today_)
B9: ="פתוחות: "&(COUNTIF(T_ID,"?*")-COUNTIF(T_Status,"הושלם")-COUNTIF(T_Status,"בוטל")) | D9: =TEXT(IFERROR(COUNTIF(T_Status,"הושלם")/COUNTIF(T_ID,"?*"),0),"0%")&" מהמשימות" | F9: ="בעבודה כרגע" | H9: =IF(COUNTIF(T_Eff,"באיחור")>0,"⚠ דורש טיפול","👍 אין איחורים") | J9: ="תקוע: "&COUNTIF(T_Eff,"תקוע")&" · ממתין: "&COUNTIF(T_Eff,"ממתין") | L9: =REPT("█",ROUND(L7*10,0))&REPT("░",10-ROUND(L7*10,0)) | N9: =TEXT(KeyActive,"dd/mm/yyyy")&IF(KeyActual<>""," (בפועל)"," (תרחיש "&Scenario&")") | P9: =IF(EvictDate="","",TEXT(EvictDate,"dd/mm/yyyy")&" · לא אומת")
B11: 📊 התקדמות לפי שלב | K11: 📅 על השולחן — 14 הימים הקרובים (כולל באיחור)
B12: שלב | E12: משימות | F12: הושלמו | G12: פתוחות | H12: % התקדמות | K12: 🎯 יעד | L12: ID | M12: משימה | P12: אחראי | Q12: מצב
B13: 0 איסוף מידע | E13: =COUNTIF(T_Phase,B13) | F13: =COUNTIFS(T_Phase,B13,T_Status,"הושלם") | G13: =E13-F13-COUNTIFS(T_Phase,B13,T_Status,"בוטל") | H13: =IFERROR(SUMIFS(T_Prog,T_Phase,B13,T_Status,"<>בוטל")/(E13-COUNTIFS(T_Phase,B13,T_Status,"בוטל")),0) | K13: =IF($S13="","",INDEX(T_Due,$S13)) | L13: =IF($S13="","",INDEX(T_ID,$S13)) | M13: =IF($S13="","",INDEX(T_Task,$S13)) | P13: =IF($S13="","",INDEX(T_Owner,$S13)) | Q13: =IF($S13="","",INDEX(T_Eff,$S13)) | S13: =IFERROR(MATCH(SMALL(T_Up,1),T_Up,0),"")
B14: 1 היתכנות | E14: =COUNTIF(T_Phase,B14) | F14: =COUNTIFS(T_Phase,B14,T_Status,"הושלם") | G14: =E14-F14-COUNTIFS(T_Phase,B14,T_Status,"בוטל") | H14: =IFERROR(SUMIFS(T_Prog,T_Phase,B14,T_Status,"<>בוטל")/(E14-COUNTIFS(T_Phase,B14,T_Status,"בוטל")),0) | K14: =IF($S14="","",INDEX(T_Due,$S14)) | L14: =IF($S14="","",INDEX(T_ID,$S14)) | M14: =IF($S14="","",INDEX(T_Task,$S14)) | P14: =IF($S14="","",INDEX(T_Owner,$S14)) | Q14: =IF($S14="","",INDEX(T_Eff,$S14)) | S14: =IFERROR(MATCH(SMALL(T_Up,2),T_Up,0),"")
B15: 2 תכנון | E15: =COUNTIF(T_Phase,B15) | F15: =COUNTIFS(T_Phase,B15,T_Status,"הושלם") | G15: =E15-F15-COUNTIFS(T_Phase,B15,T_Status,"בוטל") | H15: =IFERROR(SUMIFS(T_Prog,T_Phase,B15,T_Status,"<>בוטל")/(E15-COUNTIFS(T_Phase,B15,T_Status,"בוטל")),0) | K15: =IF($S15="","",INDEX(T_Due,$S15)) | L15: =IF($S15="","",INDEX(T_ID,$S15)) | M15: =IF($S15="","",INDEX(T_Task,$S15)) | P15: =IF($S15="","",INDEX(T_Owner,$S15)) | Q15: =IF($S15="","",INDEX(T_Eff,$S15)) | S15: =IFERROR(MATCH(SMALL(T_Up,3),T_Up,0),"")
B16: 3 התקשרויות | E16: =COUNTIF(T_Phase,B16) | F16: =COUNTIFS(T_Phase,B16,T_Status,"הושלם") | G16: =E16-F16-COUNTIFS(T_Phase,B16,T_Status,"בוטל") | H16: =IFERROR(SUMIFS(T_Prog,T_Phase,B16,T_Status,"<>בוטל")/(E16-COUNTIFS(T_Phase,B16,T_Status,"בוטל")),0) | K16: =IF($S16="","",INDEX(T_Due,$S16)) | L16: =IF($S16="","",INDEX(T_ID,$S16)) | M16: =IF($S16="","",INDEX(T_Task,$S16)) | P16: =IF($S16="","",INDEX(T_Owner,$S16)) | Q16: =IF($S16="","",INDEX(T_Eff,$S16)) | S16: =IFERROR(MATCH(SMALL(T_Up,4),T_Up,0),"")
B17: 4 שלד ופתחים | E17: =COUNTIF(T_Phase,B17) | F17: =COUNTIFS(T_Phase,B17,T_Status,"הושלם") | G17: =E17-F17-COUNTIFS(T_Phase,B17,T_Status,"בוטל") | H17: =IFERROR(SUMIFS(T_Prog,T_Phase,B17,T_Status,"<>בוטל")/(E17-COUNTIFS(T_Phase,B17,T_Status,"בוטל")),0) | K17: =IF($S17="","",INDEX(T_Due,$S17)) | L17: =IF($S17="","",INDEX(T_ID,$S17)) | M17: =IF($S17="","",INDEX(T_Task,$S17)) | P17: =IF($S17="","",INDEX(T_Owner,$S17)) | Q17: =IF($S17="","",INDEX(T_Eff,$S17)) | S17: =IFERROR(MATCH(SMALL(T_Up,5),T_Up,0),"")
B18: 5 מערכות | E18: =COUNTIF(T_Phase,B18) | F18: =COUNTIFS(T_Phase,B18,T_Status,"הושלם") | G18: =E18-F18-COUNTIFS(T_Phase,B18,T_Status,"בוטל") | H18: =IFERROR(SUMIFS(T_Prog,T_Phase,B18,T_Status,"<>בוטל")/(E18-COUNTIFS(T_Phase,B18,T_Status,"בוטל")),0) | K18: =IF($S18="","",INDEX(T_Due,$S18)) | L18: =IF($S18="","",INDEX(T_ID,$S18)) | M18: =IF($S18="","",INDEX(T_Task,$S18)) | P18: =IF($S18="","",INDEX(T_Owner,$S18)) | Q18: =IF($S18="","",INDEX(T_Eff,$S18)) | S18: =IFERROR(MATCH(SMALL(T_Up,6),T_Up,0),"")
B19: 6 גמר פנים | E19: =COUNTIF(T_Phase,B19) | F19: =COUNTIFS(T_Phase,B19,T_Status,"הושלם") | G19: =E19-F19-COUNTIFS(T_Phase,B19,T_Status,"בוטל") | H19: =IFERROR(SUMIFS(T_Prog,T_Phase,B19,T_Status,"<>בוטל")/(E19-COUNTIFS(T_Phase,B19,T_Status,"בוטל")),0) | K19: =IF($S19="","",INDEX(T_Due,$S19)) | L19: =IF($S19="","",INDEX(T_ID,$S19)) | M19: =IF($S19="","",INDEX(T_Task,$S19)) | P19: =IF($S19="","",INDEX(T_Owner,$S19)) | Q19: =IF($S19="","",INDEX(T_Eff,$S19)) | S19: =IFERROR(MATCH(SMALL(T_Up,7),T_Up,0),"")
B20: 7 חוץ ופיתוח | E20: =COUNTIF(T_Phase,B20) | F20: =COUNTIFS(T_Phase,B20,T_Status,"הושלם") | G20: =E20-F20-COUNTIFS(T_Phase,B20,T_Status,"בוטל") | H20: =IFERROR(SUMIFS(T_Prog,T_Phase,B20,T_Status,"<>בוטל")/(E20-COUNTIFS(T_Phase,B20,T_Status,"בוטל")),0) | K20: =IF($S20="","",INDEX(T_Due,$S20)) | L20: =IF($S20="","",INDEX(T_ID,$S20)) | M20: =IF($S20="","",INDEX(T_Task,$S20)) | P20: =IF($S20="","",INDEX(T_Owner,$S20)) | Q20: =IF($S20="","",INDEX(T_Eff,$S20)) | S20: =IFERROR(MATCH(SMALL(T_Up,8),T_Up,0),"")
B21: 8 ריהוט | E21: =COUNTIF(T_Phase,B21) | F21: =COUNTIFS(T_Phase,B21,T_Status,"הושלם") | G21: =E21-F21-COUNTIFS(T_Phase,B21,T_Status,"בוטל") | H21: =IFERROR(SUMIFS(T_Prog,T_Phase,B21,T_Status,"<>בוטל")/(E21-COUNTIFS(T_Phase,B21,T_Status,"בוטל")),0) | K21: =IF($S21="","",INDEX(T_Due,$S21)) | L21: =IF($S21="","",INDEX(T_ID,$S21)) | M21: =IF($S21="","",INDEX(T_Task,$S21)) | P21: =IF($S21="","",INDEX(T_Owner,$S21)) | Q21: =IF($S21="","",INDEX(T_Eff,$S21)) | S21: =IFERROR(MATCH(SMALL(T_Up,9),T_Up,0),"")
B22: 9 מסירה | E22: =COUNTIF(T_Phase,B22) | F22: =COUNTIFS(T_Phase,B22,T_Status,"הושלם") | G22: =E22-F22-COUNTIFS(T_Phase,B22,T_Status,"בוטל") | H22: =IFERROR(SUMIFS(T_Prog,T_Phase,B22,T_Status,"<>בוטל")/(E22-COUNTIFS(T_Phase,B22,T_Status,"בוטל")),0) | K22: =IF($S22="","",INDEX(T_Due,$S22)) | L22: =IF($S22="","",INDEX(T_ID,$S22)) | M22: =IF($S22="","",INDEX(T_Task,$S22)) | P22: =IF($S22="","",INDEX(T_Owner,$S22)) | Q22: =IF($S22="","",INDEX(T_Eff,$S22)) | S22: =IFERROR(MATCH(SMALL(T_Up,10),T_Up,0),"")
B23: הכנה למעבר | E23: =COUNTIF(T_Phase,B23) | F23: =COUNTIFS(T_Phase,B23,T_Status,"הושלם") | G23: =E23-F23-COUNTIFS(T_Phase,B23,T_Status,"בוטל") | H23: =IFERROR(SUMIFS(T_Prog,T_Phase,B23,T_Status,"<>בוטל")/(E23-COUNTIFS(T_Phase,B23,T_Status,"בוטל")),0) | K23: =IF($S23="","",INDEX(T_Due,$S23)) | L23: =IF($S23="","",INDEX(T_ID,$S23)) | M23: =IF($S23="","",INDEX(T_Task,$S23)) | P23: =IF($S23="","",INDEX(T_Owner,$S23)) | Q23: =IF($S23="","",INDEX(T_Eff,$S23)) | S23: =IFERROR(MATCH(SMALL(T_Up,11),T_Up,0),"")
B24: ניהול | E24: =COUNTIF(T_Phase,B24) | F24: =COUNTIFS(T_Phase,B24,T_Status,"הושלם") | G24: =E24-F24-COUNTIFS(T_Phase,B24,T_Status,"בוטל") | H24: =IFERROR(SUMIFS(T_Prog,T_Phase,B24,T_Status,"<>בוטל")/(E24-COUNTIFS(T_Phase,B24,T_Status,"בוטל")),0) | K24: =IF($S24="","",INDEX(T_Due,$S24)) | L24: =IF($S24="","",INDEX(T_ID,$S24)) | M24: =IF($S24="","",INDEX(T_Task,$S24)) | P24: =IF($S24="","",INDEX(T_Owner,$S24)) | Q24: =IF($S24="","",INDEX(T_Eff,$S24)) | S24: =IFERROR(MATCH(SMALL(T_Up,12),T_Up,0),"")
B25: A: מגורים בזמן שיפוץ | E25: =COUNTIF(T_Phase,B25) | F25: =COUNTIFS(T_Phase,B25,T_Status,"הושלם") | G25: =E25-F25-COUNTIFS(T_Phase,B25,T_Status,"בוטל") | H25: =IFERROR(SUMIFS(T_Prog,T_Phase,B25,T_Status,"<>בוטל")/(E25-COUNTIFS(T_Phase,B25,T_Status,"בוטל")),0) | K25: =IF($S25="","",INDEX(T_Due,$S25)) | L25: =IF($S25="","",INDEX(T_ID,$S25)) | M25: =IF($S25="","",INDEX(T_Task,$S25)) | P25: =IF($S25="","",INDEX(T_Owner,$S25)) | Q25: =IF($S25="","",INDEX(T_Eff,$S25)) | S25: =IFERROR(MATCH(SMALL(T_Up,13),T_Up,0),"")
B26: B: מגורי ביניים | E26: =COUNTIF(T_Phase,B26) | F26: =COUNTIFS(T_Phase,B26,T_Status,"הושלם") | G26: =E26-F26-COUNTIFS(T_Phase,B26,T_Status,"בוטל") | H26: =IFERROR(SUMIFS(T_Prog,T_Phase,B26,T_Status,"<>בוטל")/(E26-COUNTIFS(T_Phase,B26,T_Status,"בוטל")),0) | K26: =IF($S26="","",INDEX(T_Due,$S26)) | L26: =IF($S26="","",INDEX(T_ID,$S26)) | M26: =IF($S26="","",INDEX(T_Task,$S26)) | P26: =IF($S26="","",INDEX(T_Owner,$S26)) | Q26: =IF($S26="","",INDEX(T_Eff,$S26)) | S26: =IFERROR(MATCH(SMALL(T_Up,14),T_Up,0),"")
B27: סה"כ | E27: =SUM(E13:E26) | F27: =SUM(F13:F26) | G27: =SUM(G13:G26) | H27: =L7 | K27: =IF($S27="","",INDEX(T_Due,$S27)) | L27: =IF($S27="","",INDEX(T_ID,$S27)) | M27: =IF($S27="","",INDEX(T_Task,$S27)) | P27: =IF($S27="","",INDEX(T_Owner,$S27)) | Q27: =IF($S27="","",INDEX(T_Eff,$S27)) | S27: =IFERROR(MATCH(SMALL(T_Up,15),T_Up,0),"")
K28: =IF(COUNT(T_Up)>15,"+ עוד "&(COUNT(T_Up)-15)&" משימות פתוחות בחלון — ראו לשונית משימות / לפי אחראי","סה''כ בחלון: "&COUNT(T_Up)&" משימות")
B30: ⚖️ החלטות קריטיות הבאות | K30: 🏁 אבני הדרך הבאות
B31: # | C31: החלטה | G31: משימה | H31: 🎯 יעד | I31: מצב | K31: 📍 תאריך | L31: # | M31: אבן דרך | P31: ⏳ ימים
B32: =IF($T32="","",INDEX(D_No,$T32)) | C32: =IF($T32="","",INDEX(D_Name,$T32)) | G32: =IF($T32="","",INDEX(D_Task,$T32)) | H32: =IF($T32="","",INDEX(D_Due,$T32)) | I32: =IF($T32="","",INDEX(D_Status,$T32)) | K32: =IF($U32="","",INDEX(M_Date,$U32)) | L32: =IF($U32="","",INDEX(M_ID,$U32)) | M32: =IF($U32="","",INDEX(M_Name,$U32)) | P32: =IF($U32="","",INDEX(M_Date,$U32)-Today_) | T32: =IFERROR(MATCH(SMALL(D_Key,1),D_Key,0),"") | U32: =IFERROR(MATCH(SMALL(M_Key,1),M_Key,0),"")
B33: =IF($T33="","",INDEX(D_No,$T33)) | C33: =IF($T33="","",INDEX(D_Name,$T33)) | G33: =IF($T33="","",INDEX(D_Task,$T33)) | H33: =IF($T33="","",INDEX(D_Due,$T33)) | I33: =IF($T33="","",INDEX(D_Status,$T33)) | K33: =IF($U33="","",INDEX(M_Date,$U33)) | L33: =IF($U33="","",INDEX(M_ID,$U33)) | M33: =IF($U33="","",INDEX(M_Name,$U33)) | P33: =IF($U33="","",INDEX(M_Date,$U33)-Today_) | T33: =IFERROR(MATCH(SMALL(D_Key,2),D_Key,0),"") | U33: =IFERROR(MATCH(SMALL(M_Key,2),M_Key,0),"")
B34: =IF($T34="","",INDEX(D_No,$T34)) | C34: =IF($T34="","",INDEX(D_Name,$T34)) | G34: =IF($T34="","",INDEX(D_Task,$T34)) | H34: =IF($T34="","",INDEX(D_Due,$T34)) | I34: =IF($T34="","",INDEX(D_Status,$T34)) | K34: =IF($U34="","",INDEX(M_Date,$U34)) | L34: =IF($U34="","",INDEX(M_ID,$U34)) | M34: =IF($U34="","",INDEX(M_Name,$U34)) | P34: =IF($U34="","",INDEX(M_Date,$U34)-Today_) | T34: =IFERROR(MATCH(SMALL(D_Key,3),D_Key,0),"") | U34: =IFERROR(MATCH(SMALL(M_Key,3),M_Key,0),"")
B35: =IF($T35="","",INDEX(D_No,$T35)) | C35: =IF($T35="","",INDEX(D_Name,$T35)) | G35: =IF($T35="","",INDEX(D_Task,$T35)) | H35: =IF($T35="","",INDEX(D_Due,$T35)) | I35: =IF($T35="","",INDEX(D_Status,$T35)) | K35: =IF($U35="","",INDEX(M_Date,$U35)) | L35: =IF($U35="","",INDEX(M_ID,$U35)) | M35: =IF($U35="","",INDEX(M_Name,$U35)) | P35: =IF($U35="","",INDEX(M_Date,$U35)-Today_) | T35: =IFERROR(MATCH(SMALL(D_Key,4),D_Key,0),"") | U35: =IFERROR(MATCH(SMALL(M_Key,4),M_Key,0),"")
B36: =IF($T36="","",INDEX(D_No,$T36)) | C36: =IF($T36="","",INDEX(D_Name,$T36)) | G36: =IF($T36="","",INDEX(D_Task,$T36)) | H36: =IF($T36="","",INDEX(D_Due,$T36)) | I36: =IF($T36="","",INDEX(D_Status,$T36)) | K36: =IF($U36="","",INDEX(M_Date,$U36)) | L36: =IF($U36="","",INDEX(M_ID,$U36)) | M36: =IF($U36="","",INDEX(M_Name,$U36)) | P36: =IF($U36="","",INDEX(M_Date,$U36)-Today_) | T36: =IFERROR(MATCH(SMALL(D_Key,5),D_Key,0),"") | U36: =IFERROR(MATCH(SMALL(M_Key,5),M_Key,0),"")
B37: =IF($T37="","",INDEX(D_No,$T37)) | C37: =IF($T37="","",INDEX(D_Name,$T37)) | G37: =IF($T37="","",INDEX(D_Task,$T37)) | H37: =IF($T37="","",INDEX(D_Due,$T37)) | I37: =IF($T37="","",INDEX(D_Status,$T37)) | K37: =IF($U37="","",INDEX(M_Date,$U37)) | L37: =IF($U37="","",INDEX(M_ID,$U37)) | M37: =IF($U37="","",INDEX(M_Name,$U37)) | P37: =IF($U37="","",INDEX(M_Date,$U37)-Today_) | T37: =IFERROR(MATCH(SMALL(D_Key,6),D_Key,0),"") | U37: =IFERROR(MATCH(SMALL(M_Key,6),M_Key,0),"")
B39: 📶 גרף התקדמות לפי שלב | K39: 🧩 התפלגות מצב משימות
K40: מצב | L40: כמות
K41: לא התחיל | L41: =COUNTIF(T_Eff,K41)
K42: בתהליך | L42: =COUNTIF(T_Eff,K42)
K43: ממתין | L43: =COUNTIF(T_Eff,K43)
K44: תקוע | L44: =COUNTIF(T_Eff,K44)
K45: באיחור | L45: =COUNTIF(T_Eff,K45)
K46: הושלם | L46: =COUNTIF(T_Eff,K46)
K47: בוטל | L47: =COUNTIF(T_Eff,K47)

Sheet משימות
A1: 📋 משימות — מקור האמת של הפרויקט
A2: עמודות צהובות = לעדכון ידני (סטטוס, עדיפות, % ידני, תאריכים) · ⚡ = מחושב אוטומטית לפי תרחיש ותאריך היום · שורות ריקות בתחתית להוספת משימות
A3: מקרא: | B3: לא התחיל | C3: בתהליך | D3: ממתין | E3: תקוע | F3: באיחור | G3: הושלם | H3: בוטל
A4: ID | B4: שלב | C4: משימה | D4: אחראי | E4: עדיפות | F4: סטטוס | G4: ⚡ מצב מחושב | H4: % ידני | I4: 📈 התקדמות | J4: ▶ התחלה (פעיל) | K4: 🎯 יעד (פעיל) | L4: ⏳ ימים ליעד | M4: תלויות | N4: Mode | O4: התחלה (מוקדם) | P4: יעד (מוקדם) | Q4: התחלה (מאוחר) | R4: יעד (מאוחר) | S4: תיאור | T4: מידע/מסמכים נדרשים | U4: הערות / הנחות | V4: _up | W4: _kan | X4: _ariel | Y4: _rinat | Z4: _tamar | AA4: _other
A5: T-001 | B5: 0 איסוף מידע | C5: החלטת תקציב כולל + רזרבה | D5: אריאל+רינת | E5: גבוהה | F5: לא התחיל | G5: =IF($A5="","",IF(AND(F5<>"הושלם",F5<>"בוטל",K5<>"",K5<Today_),"באיחור",IF(F5="","לא התחיל",F5))) | I5: =IF($A5="","",IF(H5<>"",H5,IF(F5="הושלם",1,IF(F5="בתהליך",0.5,IF(OR(F5="ממתין",F5="תקוע"),0.25,0))))) | J5: =IF(OR($A5="",O5=""),"",IF(AND(N5="K",KeyActual<>""),O5+(KeyActual-KeyA),IF(Scenario="B",IF(Q5="",O5,Q5),O5))) | K5: =IF(OR($A5="",P5=""),"",IF(AND(N5="K",KeyActual<>""),P5+(KeyActual-KeyA),IF(Scenario="B",IF(R5="",P5,R5),P5))) | L5: =IF(OR($A5="",K5=""),"",IF(OR(F5="הושלם",F5="בוטל"),"",K5-Today_)) | M5: — | N5: F | O5: 46310 | P5: 46317 | Q5: 46310 | R5: 46317 | S5: לקבוע תקרת תקציב, רזרבה (המלצה 10–15%, הנחה) וסדר עדיפויות; החלטה #1 | T5: מקורות מימון, משכנתא/הלוואה, תקציב גינה 20–50 אלף (לא אומת) | U5: Decision Log #1 | V5: =IF(AND($A5<>"",F5<>"הושלם",F5<>"בוטל",J5<>""),IF(J5<=Today_+14,IF(K5="",99999,K5)+ROW()/100000,""),"") | W5: =IFERROR(IF($A5="","",CHOOSE(MATCH(G5,{"לא התחיל","בתהליך","ממתין","תקוע","באיחור","הושלם","בוטל"},0),1,2,3,3,4,5,6)*100000+IF(K5="",99999,K5)+ROW()/1000000),"") | X5: =IF(AND($A5<>"",F5<>"הושלם",F5<>"בוטל",OR(ISNUMBER(SEARCH("אריאל",D5)),D5="כל המשפחה")),IF(K5="",99999,K5)+ROW()/100000,"") | Y5: =IF(AND($A5<>"",F5<>"הושלם",F5<>"בוטל",OR(ISNUMBER(SEARCH("רינת",D5)),D5="כל המשפחה")),IF(K5="",99999,K5)+ROW()/100000,"") | Z5: =IF(AND($A5<>"",F5<>"הושלם",F5<>"בוטל",OR(ISNUMBER(SEARCH("תמר",D5)))),IF(K5="",99999,K5)+ROW()/100000,"") | AA5: =IF(AND($A5<>"",F5<>"הושלם",F5<>"בוטל",NOT(ISNUMBER(SEARCH("אריאל",D5))),NOT(ISNUMBER(SEARCH("רינת",D5))),NOT(ISNUMBER(SEARCH("תמר",D5))),D5<>"כל המשפחה"),IF(K5="",99999,K5)+ROW()/100000,"")
A6: T-002 | B6: 0 איסוף מידע | C6: הוחלט: גרים בבית בזמן העבודות (תרחיש A) | D6: אריאל+רינת | E6: גבוהה | F6: הושלם | G6: =IF($A6="","",IF(AND(F6<>"הושלם",F6<>"בוטל",K6<>"",K6<Today_),"באיחור",IF(F6="","לא התחיל",F6))) | I6: =IF($A6="","",IF(H6<>"",H6,IF(F6="הושלם",1,IF(F6="בתהליך",0.5,IF(OR(F6="ממתין",F6="תקוע"),0.25,0))))) | J6: =IF(OR($A6="",O6=""),"",IF(AND(N6="K",KeyActual<>""),O6+(KeyActual-KeyA),IF(Scenario="B",IF(Q6="",O6,Q6),O6))) | K6: =IF(OR($A6="",P6=""),"",IF(AND(N6="K",KeyActual<>""),P6+(KeyActual-KeyA),IF(Scenario="B",IF(R6="",P6,R6),P6))) | L6: =IF(OR($A6="",K6=""),"",IF(OR(F6="הושלם",F6="בוטל"),"",K6-Today_)) | M6: — | N6: F | O6: 46306 | P6: 46306 | Q6: 46306 | R6: 46306 | S6: החלטה #2 התקבלה 11.10: אם המפתח בתחילת דצמבר — נכנסים מיד ומשפצים בשלבים תוך מגורים | U6: הושלם; תרחיש B = מגורי ביניים | V6: =IF(AND($A6<>"",F6<>"הושלם",F6<>"בוטל",J6<>""),IF(J6<=Today_+14,IF(K6="",99999,K6)+ROW()/100000,""),"") | W6: =IFERROR(IF($A6="","",CHOOSE(MATCH(G6,{"לא התחיל","בתהליך","ממתין","תקוע","באיחור","הושלם","בוטל"},0),1,2,3,3,4,5,6)*100000+IF(K6="",99999,K6)+ROW()/1000000),"") | X6: =IF(AND($A6<>"",F6<>"הושלם",F6<>"בוטל",OR(ISNUMBER(SEARCH("אריאל",D6)),D6="כל המשפחה")),IF(K6="",99999,K6)+ROW()/100000,"") | Y6: =IF(AND($A6<>"",F6<>"הושלם",F6<>"בוטל",OR(ISNUMBER(SEARCH("רינת",D6)),D6="כל המשפחה")),IF(K6="",99999,K6)+ROW()/100000,"") | Z6: =IF(AND($A6<>"",F6<>"הושלם",F6<>"בוטל",OR(ISNUMBER(SEARCH("תמר",D6)))),IF(K6="",99999,K6)+ROW()/100000,"") | AA6: =IF(AND($A6<>"",F6<>"הושלם",F6<>"בוטל",NOT(ISNUMBER(SEARCH("אריאל",D6))),NOT(ISNUMBER(SEARCH("רינת",D6))),NOT(ISNUMBER(SEARCH("תמר",D6))),D6<>"כל המשפחה"),IF(K6="",99999,K6)+ROW()/100000,"")
A7: T-003 | B7: 0 איסוף מידע | C7: איסוף תוכניות קבלן/קונסטרוקציה + שרטוטי חצר | D7: אריאל | E7: גבוהה | F7: בתהליך | G7: =IF($A7="","",IF(AND(F7<>"הושלם",F7<>"בוטל",K7<>"",K7<Today_),"באיחור",IF(F7="","לא התחיל",F7))) | I7: =IF($A7="","",IF(H7<>"",H7,IF(F7="הושלם",1,IF(F7="בתהליך",0.5,IF(OR(F7="ממתין",F7="תקוע"),0.25,0))))) | J7: =IF(OR($A7="",O7=""),"",IF(AND(N7="K",KeyActual<>""),O7+(KeyActual-KeyA),IF(Scenario="B",IF(Q7="",O7,Q7),O7))) | K7: =IF(OR($A7="",P7=""),"",IF(AND(N7="K",KeyActual<>""),P7+(KeyActual-KeyA),IF(Scenario="B",IF(R7="",P7,R7),P7))) | L7: =IF(OR($A7="",K7=""),"",IF(OR(F7="הושלם",F7="בוטל"),"",K7-Today_)) | M7: — | N7: F | O7: 46310 | P7: 46320 | Q7: 46310 | R7: 46320 | S7: להעלות לתיקיית source את תוכניות הקבלן, השרטוטים הצבעוניים והיתר קיים | T7: תוכניות, היתר בנייה קיים, חוזה רכישה | U7: חסר כרגע בתיקייה | 11.10: התקבלו מ-Drive תוכניות קבלן (דגם תמר), שינויי דיירים TAMAR 2024 ותכנית מגרש 823-3. עדיין חסרים: היתר + טבלת שטחים, חוזה, תצ"ר, שרטוטי חצר | V7: =IF(AND($A7<>"",F7<>"הושלם",F7<>"בוטל",J7<>""),IF(J7<=Today_+14,IF(K7="",99999,K7)+ROW()/100000,""),"") | W7: =IFERROR(IF($A7="","",CHOOSE(MATCH(G7,{"לא התחיל","בתהליך","ממתין","תקוע","באיחור","הושלם","בוטל"},0),1,2,3,3,4,5,6)*100000+IF(K7="",99999,K7)+ROW()/1000000),"") | X7: =IF(AND($A7<>"",F7<>"הושלם",F7<>"בוטל",OR(ISNUMBER(SEARCH("אריאל",D7)),D7="כל המשפחה")),IF(K7="",99999,K7)+ROW()/100000,"") | Y7: =IF(AND($A7<>"",F7<>"הושלם",F7<>"בוטל",OR(ISNUMBER(SEARCH("רינת",D7)),D7="כל המשפחה")),IF(K7="",99999,K7)+ROW()/100000,"") | Z7: =IF(AND($A7<>"",F7<>"הושלם",F7<>"בוטל",OR(ISNUMBER(SEARCH("תמר",D7)))),IF(K7="",99999,K7)+ROW()/100000,"") | AA7: =IF(AND($A7<>"",F7<>"הושלם",F7<>"בוטל",NOT(ISNUMBER(SEARCH("אריאל",D7))),NOT(ISNUMBER(SEARCH("רינת",D7))),NOT(ISNUMBER(SEARCH("תמר",D7))),D7<>"כל המשפחה"),IF(K7="",99999,K7)+ROW()/100000,"")
A8: T-004 | B8: 0 איסוף מידע | C8: תיאום מועד מסירת מפתח | D8: אריאל | E8: גבוהה | F8: לא התחיל | G8: =IF($A8="","",IF(AND(F8<>"הושלם",F8<>"בוטל",K8<>"",K8<Today_),"באיחור",IF(F8="","לא התחיל",F8))) | I8: =IF($A8="","",IF(H8<>"",H8,IF(F8="הושלם",1,IF(F8="בתהליך",0.5,IF(OR(F8="ממתין",F8="תקוע"),0.25,0))))) | J8: =IF(OR($A8="",O8=""),"",IF(AND(N8="K",KeyActual<>""),O8+(KeyActual-KeyA),IF(Scenario="B",IF(Q8="",O8,Q8),O8))) | K8: =IF(OR($A8="",P8=""),"",IF(AND(N8="K",KeyActual<>""),P8+(KeyActual-KeyA),IF(Scenario="B",IF(R8="",P8,R8),P8))) | L8: =IF(OR($A8="",K8=""),"",IF(OR(F8="הושלם",F8="בוטל"),"",K8-Today_)) | M8: — | N8: F | O8: 46313 | P8: 46325 | Q8: 46313 | R8: 46325 | S8: לברר מול המוכר/יזם מועד מסירה מדויק (טווח 1.12–5.1) ותנאי גישה לפני מסירה (מדידות/הצעות מחיר) | T8: חוזה רכישה, איש קשר מוכר | U8: מועד המפתח = עוגן לכל התוכנית | 11.10: במסמכי Drive אין תאריך מסירה (מפרט המכר הוא נוסח לדוגמה למגרש 822, לא חתום) | 11.10(2): הקובץ המצורף החדש = כפילות של תכנית אינסטלציה; עדיין אין תאריך מסירה במסמכים | V8: =IF(AND($A8<>"",F8<>"הושלם",F8<>"בוטל",J8<>""),IF(J8<=Today_+14,IF(K8="",99999,K8)+ROW()/100000,""),"") | W8: =IFERROR(IF($A8="","",CHOOSE(MATCH(G8,{"לא התחיל","בתהליך","ממתין","תקוע","באיחור","הושלם","בוטל"},0),1,2,3,3,4,5,6)*100000+IF(K8="",99999,K8)+ROW()/1000000),"") | X8: =IF(AND($A8<>"",F8<>"הושלם",F8<>"בוטל",OR(ISNUMBER(SEARCH("אריאל",D8)),D8="כל המשפחה")),IF(K8="",99999,K8)+ROW()/100000,"") | Y8: =IF(AND($A8<>"",F8<>"הושלם",F8<>"בוטל",OR(ISNUMBER(SEARCH("רינת",D8)),D8="כל המשפחה")),IF(K8="",99999,K8)+ROW()/100000,"") | Z8: =IF(AND($A8<>"",F8<>"הושלם",F8<>"בוטל",OR(ISNUMBER(SEARCH("תמר",D8)))),IF(K8="",99999,K8)+ROW()/100000,"") | AA8: =IF(AND($A8<>"",F8<>"הושלם",F8<>"בוטל",NOT(ISNUMBER(SEARCH("אריאל",D8))),NOT(ISNUMBER(SEARCH("רינת",D8))),NOT(ISNUMBER(SEARCH("תמר",D8))),D8<>"כל המשפחה"),IF(K8="",99999,K8)+ROW()/100000,"")
A9: T-005 | B9: 0 איסוף מידע | C9: מדידות משלימות | D9: אריאל/רינת | E9: בינונית | F9: לא התחיל | G9: =IF($A9="","",IF(AND(F9<>"הושלם",F9<>"בוטל",K9<>"",K9<Today_),"באיחור",IF(F9="","לא התחיל",F9))) | I9: =IF($A9="","",IF(H9<>"",H9,IF(F9="הושלם",1,IF(F9="בתהליך",0.5,IF(OR(F9="ממתין",F9="תקוע"),0.25,0))))) | J9: =IF(OR($A9="",O9=""),"",IF(AND(N9="K",KeyActual<>""),O9+(KeyActual-KeyA),IF(Scenario="B",IF(Q9="",O9,Q9),O9))) | K9: =IF(OR($A9="",P9=""),"",IF(AND(N9="K",KeyActual<>""),P9+(KeyActual-KeyA),IF(Scenario="B",IF(R9="",P9,R9),P9))) | L9: =IF(OR($A9="",K9=""),"",IF(OR(F9="הושלם",F9="בוטל"),"",K9-Today_)) | M9: T-004 | N9: F | O9: 46318 | P9: 46341 | Q9: 46318 | R9: 46341 | S9: אורך פינת אוכל, חדר אורחים, מזווה, חדרי ילדים, מקום מקרר ראשי, חדרים למזגנים | T9: מטר לייזר, תוכניות; לציין מקור לכל מידה | U9: תלוי בגישה לבית לפני מסירה | V9: =IF(AND($A9<>"",F9<>"הושלם",F9<>"בוטל",J9<>""),IF(J9<=Today_+14,IF(K9="",99999,K9)+ROW()/100000,""),"") | W9: =IFERROR(IF($A9="","",CHOOSE(MATCH(G9,{"לא התחיל","בתהליך","ממתין","תקוע","באיחור","הושלם","בוטל"},0),1,2,3,3,4,5,6)*100000+IF(K9="",99999,K9)+ROW()/1000000),"") | X9: =IF(AND($A9<>"",F9<>"הושלם",F9<>"בוטל",OR(ISNUMBER(SEARCH("אריאל",D9)),D9="כל המשפחה")),IF(K9="",99999,K9)+ROW()/100000,"") | Y9: =IF(AND($A9<>"",F9<>"הושלם",F9<>"בוטל",OR(ISNUMBER(SEARCH("רינת",D9)),D9="כל המשפחה")),IF(K9="",99999,K9)+ROW()/100000,"") | Z9: =IF(AND($A9<>"",F9<>"הושלם",F9<>"בוטל",OR(ISNUMBER(SEARCH("תמר",D9)))),IF(K9="",99999,K9)+ROW()/100000,"") | AA9: =IF(AND($A9<>"",F9<>"הושלם",F9<>"בוטל",NOT(ISNUMBER(SEARCH("אריאל",D9))),NOT(ISNUMBER(SEARCH("רינת",D9))),NOT(ISNUMBER(SEARCH("תמר",D9))),D9<>"כל המשפחה"),IF(K9="",99999,K9)+ROW()/100000,"")
A10: T-010 | B10: 1 היתכנות | C10: בחירת אנשי מקצוע: אדריכל רישוי / מהנדס / מודד | D10: אריאל | E10: גבוהה | F10: לא התחיל | G10: =IF($A10="","",IF(AND(F10<>"הושלם",F10<>"בוטל",K10<>"",K10<Today_),"באיחור",IF(F10="","לא התחיל",F10))) | I10: =IF($A10="","",IF(H10<>"",H10,IF(F10="הושלם",1,IF(F10="בתהליך",0.5,IF(OR(F10="ממתין",F10="תקוע"),0.25,0))))) | J10: =IF(OR($A10="",O10=""),"",IF(AND(N10="K",KeyActual<>""),O10+(KeyActual-KeyA),IF(Scenario="B",IF(Q10="",O10,Q10),O10))) | K10: =IF(OR($A10="",P10=""),"",IF(AND(N10="K",KeyActual<>""),P10+(KeyActual-KeyA),IF(Scenario="B",IF(R10="",P10,R10),P10))) | L10: =IF(OR($A10="",K10=""),"",IF(OR(F10="הושלם",F10="בוטל"),"",K10-Today_)) | M10: T-001 | N10: F | O10: 46318 | P10: 46334 | Q10: 46318 | R10: 46334 | S10: 3 הצעות לכל אחד; החלטה #3 | T10: תיאור היקף, תוכניות, תב"ע 7001686 | U10: לא לפנות לספק ללא אישור אריאל | V10: =IF(AND($A10<>"",F10<>"הושלם",F10<>"בוטל",J10<>""),IF(J10<=Today_+14,IF(K10="",99999,K10)+ROW()/100000,""),"") | W10: =IFERROR(IF($A10="","",CHOOSE(MATCH(G10,{"לא התחיל","בתהליך","ממתין","תקוע","באיחור","הושלם","בוטל"},0),1,2,3,3,4,5,6)*100000+IF(K10="",99999,K10)+ROW()/1000000),"") | X10: =IF(AND($A10<>"",F10<>"הושלם",F10<>"בוטל",OR(ISNUMBER(SEARCH("אריאל",D10)),D10="כל המשפחה")),IF(K10="",99999,K10)+ROW()/100000,"") | Y10: =IF(AND($A10<>"",F10<>"הושלם",F10<>"בוטל",OR(ISNUMBER(SEARCH("רינת",D10)),D10="כל המשפחה")),IF(K10="",99999,K10)+ROW()/100000,"") | Z10: =IF(AND($A10<>"",F10<>"הושלם",F10<>"בוטל",OR(ISNUMBER(SEARCH("תמר",D10)))),IF(K10="",99999,K10)+ROW()/100000,"") | AA10: =IF(AND($A10<>"",F10<>"הושלם",F10<>"בוטל",NOT(ISNUMBER(SEARCH("אריאל",D10))),NOT(ISNUMBER(SEARCH("רינת",D10))),NOT(ISNUMBER(SEARCH("תמר",D10))),D10<>"כל המשפחה"),IF(K10="",99999,K10)+ROW()/100000,"")
A11: T-011 | B11: 1 היתכנות | C11: מודד: מפת מדידה + גבולות 823/3 | D11: מודד | E11: גבוהה | F11: לא התחיל | G11: =IF($A11="","",IF(AND(F11<>"הושלם",F11<>"בוטל",K11<>"",K11<Today_),"באיחור",IF(F11="","לא התחיל",F11))) | I11: =IF($A11="","",IF(H11<>"",H11,IF(F11="הושלם",1,IF(F11="בתהליך",0.5,IF(OR(F11="ממתין",F11="תקוע"),0.25,0))))) | J11: =IF(OR($A11="",O11=""),"",IF(AND(N11="K",KeyActual<>""),O11+(KeyActual-KeyA),IF(Scenario="B",IF(Q11="",O11,Q11),O11))) | K11: =IF(OR($A11="",P11=""),"",IF(AND(N11="K",KeyActual<>""),P11+(KeyActual-KeyA),IF(Scenario="B",IF(R11="",P11,R11),P11))) | L11: =IF(OR($A11="",K11=""),"",IF(OR(F11="הושלם",F11="בוטל"),"",K11-Today_)) | M11: T-010 | N11: F | O11: 46334 | P11: 46356 | Q11: 46334 | R11: 46356 | S11: מפת מדידה עדכנית 1:250 (נדרשת להיתר לפי ה'2); החלטה #4 | T11: נסח/תצ"ר, תכנית חלוקה 823/1-3 | U11: פותר את סתירת 528 מ"ר / 0.5 דונם | V11: =IF(AND($A11<>"",F11<>"הושלם",F11<>"בוטל",J11<>""),IF(J11<=Today_+14,IF(K11="",99999,K11)+ROW()/100000,""),"") | W11: =IFERROR(IF($A11="","",CHOOSE(MATCH(G11,{"לא התחיל","בתהליך","ממתין","תקוע","באיחור","הושלם","בוטל"},0),1,2,3,3,4,5,6)*100000+IF(K11="",99999,K11)+ROW()/1000000),"") | X11: =IF(AND($A11<>"",F11<>"הושלם",F11<>"בוטל",OR(ISNUMBER(SEARCH("אריאל",D11)),D11="כל המשפחה")),IF(K11="",99999,K11)+ROW()/100000,"") | Y11: =IF(AND($A11<>"",F11<>"הושלם",F11<>"בוטל",OR(ISNUMBER(SEARCH("רינת",D11)),D11="כל המשפחה")),IF(K11="",99999,K11)+ROW()/100000,"") | Z11: =IF(AND($A11<>"",F11<>"הושלם",F11<>"בוטל",OR(ISNUMBER(SEARCH("תמר",D11)))),IF(K11="",99999,K11)+ROW()/100000,"") | AA11: =IF(AND($A11<>"",F11<>"הושלם",F11<>"בוטל",NOT(ISNUMBER(SEARCH("אריאל",D11))),NOT(ISNUMBER(SEARCH("רינת",D11))),NOT(ISNUMBER(SEARCH("תמר",D11))),D11<>"כל המשפחה"),IF(K11="",99999,K11)+ROW()/100000,"")
A12: T-012 | B12: 1 היתכנות | C12: בירור בוועדה (מטה בנימין): זכויות 823/3, קליניקה, מחסן, מרפסת | D12: אדריכל/אריאל | E12: גבוהה | F12: לא התחיל | G12: =IF($A12="","",IF(AND(F12<>"הושלם",F12<>"בוטל",K12<>"",K12<Today_),"באיחור",IF(F12="","לא התחיל",F12))) | I12: =IF($A12="","",IF(H12<>"",H12,IF(F12="הושלם",1,IF(F12="בתהליך",0.5,IF(OR(F12="ממתין",F12="תקוע"),0.25,0))))) | J12: =IF(OR($A12="",O12=""),"",IF(AND(N12="K",KeyActual<>""),O12+(KeyActual-KeyA),IF(Scenario="B",IF(Q12="",O12,Q12),O12))) | K12: =IF(OR($A12="",P12=""),"",IF(AND(N12="K",KeyActual<>""),P12+(KeyActual-KeyA),IF(Scenario="B",IF(R12="",P12,R12),P12))) | L12: =IF(OR($A12="",K12=""),"",IF(OR(F12="הושלם",F12="בוטל"),"",K12-Today_)) | M12: T-010 | N12: F | O12: 46327 | P12: 46356 | Q12: 46327 | R12: 46356 | S12: שאלות: חלוקת 6 יח"ד, קו בניין 3 מ', קליניקה (תב"ע: מגורים בלבד), סגירת פרגולה אסורה (4.6ז), גדר עד 1.5 מ'; החלטה #5 | T12: zoning_taba_7001686.md, היתר קיים, תכנית בינוי; היתר 823/3 + טבלת שטחים (דגם "200 מ"ר" מול 190 עיקרי) | U12: ממצאי התב"ע — קריאה חזותית, לאמת | 11.10(2): הורביץ בצפון → גבול צד, קו בניין 3 מ'. ראו permit_classification.md | V12: =IF(AND($A12<>"",F12<>"הושלם",F12<>"בוטל",J12<>""),IF(J12<=Today_+14,IF(K12="",99999,K12)+ROW()/100000,""),"") | W12: =IFERROR(IF($A12="","",CHOOSE(MATCH(G12,{"לא התחיל","בתהליך","ממתין","תקוע","באיחור","הושלם","בוטל"},0),1,2,3,3,4,5,6)*100000+IF(K12="",99999,K12)+ROW()/1000000),"") | X12: =IF(AND($A12<>"",F12<>"הושלם",F12<>"בוטל",OR(ISNUMBER(SEARCH("אריאל",D12)),D12="כל המשפחה")),IF(K12="",99999,K12)+ROW()/100000,"") | Y12: =IF(AND($A12<>"",F12<>"הושלם",F12<>"בוטל",OR(ISNUMBER(SEARCH("רינת",D12)),D12="כל המשפחה")),IF(K12="",99999,K12)+ROW()/100000,"") | Z12: =IF(AND($A12<>"",F12<>"הושלם",F12<>"בוטל",OR(ISNUMBER(SEARCH("תמר",D12)))),IF(K12="",99999,K12)+ROW()/100000,"") | AA12: =IF(AND($A12<>"",F12<>"הושלם",F12<>"בוטל",NOT(ISNUMBER(SEARCH("אריאל",D12))),NOT(ISNUMBER(SEARCH("רינת",D12))),NOT(ISNUMBER(SEARCH("תמר",D12))),D12<>"כל המשפחה"),IF(K12="",99999,K12)+ROW()/100000,"")
A13: T-013 | B13: 1 היתכנות | C13: מהנדס: אילו חלונות בסלון אפשר להרחיב | D13: מהנדס | E13: גבוהה | F13: לא התחיל | G13: =IF($A13="","",IF(AND(F13<>"הושלם",F13<>"בוטל",K13<>"",K13<Today_),"באיחור",IF(F13="","לא התחיל",F13))) | I13: =IF($A13="","",IF(H13<>"",H13,IF(F13="הושלם",1,IF(F13="בתהליך",0.5,IF(OR(F13="ממתין",F13="תקוע"),0.25,0))))) | J13: =IF(OR($A13="",O13=""),"",IF(AND(N13="K",KeyActual<>""),O13+(KeyActual-KeyA),IF(Scenario="B",IF(Q13="",O13,Q13),O13))) | K13: =IF(OR($A13="",P13=""),"",IF(AND(N13="K",KeyActual<>""),P13+(KeyActual-KeyA),IF(Scenario="B",IF(R13="",P13,R13),P13))) | L13: =IF(OR($A13="",K13=""),"",IF(OR(F13="הושלם",F13="בוטל"),"",K13-Today_)) | M13: T-003,T-010 | N13: F | O13: 46334 | P13: 46356 | Q13: 46334 | R13: 46356 | S13: בדיקת קירות/עמודים/קורות מול תוכניות; החלטה #6 | T13: תוכניות קונסטרוקציה; מידות 405/424 ס"מ | U13: חובה לפני הזמנת אלומיניום | 11.10: יש תוכניות קונסטרוקציה של הדגם (חננאל כפיר, 16/04/2023) בתיקייה source/drive/kablan | V13: =IF(AND($A13<>"",F13<>"הושלם",F13<>"בוטל",J13<>""),IF(J13<=Today_+14,IF(K13="",99999,K13)+ROW()/100000,""),"") | W13: =IFERROR(IF($A13="","",CHOOSE(MATCH(G13,{"לא התחיל","בתהליך","ממתין","תקוע","באיחור","הושלם","בוטל"},0),1,2,3,3,4,5,6)*100000+IF(K13="",99999,K13)+ROW()/1000000),"") | X13: =IF(AND($A13<>"",F13<>"הושלם",F13<>"בוטל",OR(ISNUMBER(SEARCH("אריאל",D13)),D13="כל המשפחה")),IF(K13="",99999,K13)+ROW()/100000,"") | Y13: =IF(AND($A13<>"",F13<>"הושלם",F13<>"בוטל",OR(ISNUMBER(SEARCH("רינת",D13)),D13="כל המשפחה")),IF(K13="",99999,K13)+ROW()/100000,"") | Z13: =IF(AND($A13<>"",F13<>"הושלם",F13<>"בוטל",OR(ISNUMBER(SEARCH("תמר",D13)))),IF(K13="",99999,K13)+ROW()/100000,"") | AA13: =IF(AND($A13<>"",F13<>"הושלם",F13<>"בוטל",NOT(ISNUMBER(SEARCH("אריאל",D13))),NOT(ISNUMBER(SEARCH("רינת",D13))),NOT(ISNUMBER(SEARCH("תמר",D13))),D13<>"כל המשפחה"),IF(K13="",99999,K13)+ROW()/100000,"")
A14: T-014 | B14: 1 היתכנות | C14: סקר תשתיות (חשמל/אינסטלציה/ניקוז) | D14: קבלן/חשמלאי | E14: בינונית | F14: לא התחיל | G14: =IF($A14="","",IF(AND(F14<>"הושלם",F14<>"בוטל",K14<>"",K14<Today_),"באיחור",IF(F14="","לא התחיל",F14))) | I14: =IF($A14="","",IF(H14<>"",H14,IF(F14="הושלם",1,IF(F14="בתהליך",0.5,IF(OR(F14="ממתין",F14="תקוע"),0.25,0))))) | J14: =IF(OR($A14="",O14=""),"",IF(AND(N14="K",KeyActual<>""),O14+(KeyActual-KeyA),IF(Scenario="B",IF(Q14="",O14,Q14),O14))) | K14: =IF(OR($A14="",P14=""),"",IF(AND(N14="K",KeyActual<>""),P14+(KeyActual-KeyA),IF(Scenario="B",IF(R14="",P14,R14),P14))) | L14: =IF(OR($A14="",K14=""),"",IF(OR(F14="הושלם",F14="בוטל"),"",K14-Today_)) | M14: T-004 | N14: F | O14: 46341 | P14: 46371 | Q14: 46341 | R14: 46371 | S14: חשמלאי+אינסטלטור: מצב לוח, הספק, ביוב, ניקוז מרפסת | T14: גישה לבית | U14: יכול לגלוש אחרי מפתח | V14: =IF(AND($A14<>"",F14<>"הושלם",F14<>"בוטל",J14<>""),IF(J14<=Today_+14,IF(K14="",99999,K14)+ROW()/100000,""),"") | W14: =IFERROR(IF($A14="","",CHOOSE(MATCH(G14,{"לא התחיל","בתהליך","ממתין","תקוע","באיחור","הושלם","בוטל"},0),1,2,3,3,4,5,6)*100000+IF(K14="",99999,K14)+ROW()/1000000),"") | X14: =IF(AND($A14<>"",F14<>"הושלם",F14<>"בוטל",OR(ISNUMBER(SEARCH("אריאל",D14)),D14="כל המשפחה")),IF(K14="",99999,K14)+ROW()/100000,"") | Y14: =IF(AND($A14<>"",F14<>"הושלם",F14<>"בוטל",OR(ISNUMBER(SEARCH("רינת",D14)),D14="כל המשפחה")),IF(K14="",99999,K14)+ROW()/100000,"") | Z14: =IF(AND($A14<>"",F14<>"הושלם",F14<>"בוטל",OR(ISNUMBER(SEARCH("תמר",D14)))),IF(K14="",99999,K14)+ROW()/100000,"") | AA14: =IF(AND($A14<>"",F14<>"הושלם",F14<>"בוטל",NOT(ISNUMBER(SEARCH("אריאל",D14))),NOT(ISNUMBER(SEARCH("רינת",D14))),NOT(ISNUMBER(SEARCH("תמר",D14))),D14<>"כל המשפחה"),IF(K14="",99999,K14)+ROW()/100000,"")
A15: T-020 | B15: 2 תכנון | C15: החלטה: היקף סגירת מרפסת הורים | D15: אריאל+רינת | E15: גבוהה | F15: לא התחיל | G15: =IF($A15="","",IF(AND(F15<>"הושלם",F15<>"בוטל",K15<>"",K15<Today_),"באיחור",IF(F15="","לא התחיל",F15))) | I15: =IF($A15="","",IF(H15<>"",H15,IF(F15="הושלם",1,IF(F15="בתהליך",0.5,IF(OR(F15="ממתין",F15="תקוע"),0.25,0))))) | J15: =IF(OR($A15="",O15=""),"",IF(AND(N15="K",KeyActual<>""),O15+(KeyActual-KeyA),IF(Scenario="B",IF(Q15="",O15,Q15),O15))) | K15: =IF(OR($A15="",P15=""),"",IF(AND(N15="K",KeyActual<>""),P15+(KeyActual-KeyA),IF(Scenario="B",IF(R15="",P15,R15),P15))) | L15: =IF(OR($A15="",K15=""),"",IF(OR(F15="הושלם",F15="בוטל"),"",K15-Today_)) | M15: T-012 | N15: F | O15: 46346 | P15: 46366 | Q15: 46346 | R15: 46366 | S15: 830×259; שימוש: חדר ארונות/מיני-סלון/עבודה; החלטה #7 | T15: תשובת ועדה, מהנדס | U15: ייתכן שאסור/דורש היתר | V15: =IF(AND($A15<>"",F15<>"הושלם",F15<>"בוטל",J15<>""),IF(J15<=Today_+14,IF(K15="",99999,K15)+ROW()/100000,""),"") | W15: =IFERROR(IF($A15="","",CHOOSE(MATCH(G15,{"לא התחיל","בתהליך","ממתין","תקוע","באיחור","הושלם","בוטל"},0),1,2,3,3,4,5,6)*100000+IF(K15="",99999,K15)+ROW()/1000000),"") | X15: =IF(AND($A15<>"",F15<>"הושלם",F15<>"בוטל",OR(ISNUMBER(SEARCH("אריאל",D15)),D15="כל המשפחה")),IF(K15="",99999,K15)+ROW()/100000,"") | Y15: =IF(AND($A15<>"",F15<>"הושלם",F15<>"בוטל",OR(ISNUMBER(SEARCH("רינת",D15)),D15="כל המשפחה")),IF(K15="",99999,K15)+ROW()/100000,"") | Z15: =IF(AND($A15<>"",F15<>"הושלם",F15<>"בוטל",OR(ISNUMBER(SEARCH("תמר",D15)))),IF(K15="",99999,K15)+ROW()/100000,"") | AA15: =IF(AND($A15<>"",F15<>"הושלם",F15<>"בוטל",NOT(ISNUMBER(SEARCH("אריאל",D15))),NOT(ISNUMBER(SEARCH("רינת",D15))),NOT(ISNUMBER(SEARCH("תמר",D15))),D15<>"כל המשפחה"),IF(K15="",99999,K15)+ROW()/100000,"")
A16: T-021 | B16: 2 תכנון | C16: קליניקה + מחסן: החלטה על חלופה | D16: אריאל+אדריכל | E16: גבוהה | F16: לא התחיל | G16: =IF($A16="","",IF(AND(F16<>"הושלם",F16<>"בוטל",K16<>"",K16<Today_),"באיחור",IF(F16="","לא התחיל",F16))) | I16: =IF($A16="","",IF(H16<>"",H16,IF(F16="הושלם",1,IF(F16="בתהליך",0.5,IF(OR(F16="ממתין",F16="תקוע"),0.25,0))))) | J16: =IF(OR($A16="",O16=""),"",IF(AND(N16="K",KeyActual<>""),O16+(KeyActual-KeyA),IF(Scenario="B",IF(Q16="",O16,Q16),O16))) | K16: =IF(OR($A16="",P16=""),"",IF(AND(N16="K",KeyActual<>""),P16+(KeyActual-KeyA),IF(Scenario="B",IF(R16="",P16,R16),P16))) | L16: =IF(OR($A16="",K16=""),"",IF(OR(F16="הושלם",F16="בוטל"),"",K16-Today_)) | M16: T-011,T-012 | N16: F | O16: 46351 | P16: 46376 | Q16: 46351 | R16: 46376 | S16: לאור התב"ע (מגורים בלבד, מחסן אינטגרלי ≤15 מ"ר, קו 3 מ'); החלטה #8 | T16: מפת מדידה, תשובת ועדה | U16: סיכון אדום | 11.10(2): הגבול הצפוני (הורביץ) = קו בניין 3 מ'; סיווג היתר: נדרש/כנראה לא ניתן לאשר | V16: =IF(AND($A16<>"",F16<>"הושלם",F16<>"בוטל",J16<>""),IF(J16<=Today_+14,IF(K16="",99999,K16)+ROW()/100000,""),"") | W16: =IFERROR(IF($A16="","",CHOOSE(MATCH(G16,{"לא התחיל","בתהליך","ממתין","תקוע","באיחור","הושלם","בוטל"},0),1,2,3,3,4,5,6)*100000+IF(K16="",99999,K16)+ROW()/1000000),"") | X16: =IF(AND($A16<>"",F16<>"הושלם",F16<>"בוטל",OR(ISNUMBER(SEARCH("אריאל",D16)),D16="כל המשפחה")),IF(K16="",99999,K16)+ROW()/100000,"") | Y16: =IF(AND($A16<>"",F16<>"הושלם",F16<>"בוטל",OR(ISNUMBER(SEARCH("רינת",D16)),D16="כל המשפחה")),IF(K16="",99999,K16)+ROW()/100000,"") | Z16: =IF(AND($A16<>"",F16<>"הושלם",F16<>"בוטל",OR(ISNUMBER(SEARCH("תמר",D16)))),IF(K16="",99999,K16)+ROW()/100000,"") | AA16: =IF(AND($A16<>"",F16<>"הושלם",F16<>"בוטל",NOT(ISNUMBER(SEARCH("אריאל",D16))),NOT(ISNUMBER(SEARCH("רינת",D16))),NOT(ISNUMBER(SEARCH("תמר",D16))),D16<>"כל המשפחה"),IF(K16="",99999,K16)+ROW()/100000,"")
A17: T-022 | B17: 2 תכנון | C17: היקף מטבח + מזווה | D17: אריאל+רינת | E17: גבוהה | F17: לא התחיל | G17: =IF($A17="","",IF(AND(F17<>"הושלם",F17<>"בוטל",K17<>"",K17<Today_),"באיחור",IF(F17="","לא התחיל",F17))) | I17: =IF($A17="","",IF(H17<>"",H17,IF(F17="הושלם",1,IF(F17="בתהליך",0.5,IF(OR(F17="ממתין",F17="תקוע"),0.25,0))))) | J17: =IF(OR($A17="",O17=""),"",IF(AND(N17="K",KeyActual<>""),O17+(KeyActual-KeyA),IF(Scenario="B",IF(Q17="",O17,Q17),O17))) | K17: =IF(OR($A17="",P17=""),"",IF(AND(N17="K",KeyActual<>""),P17+(KeyActual-KeyA),IF(Scenario="B",IF(R17="",P17,R17),P17))) | L17: =IF(OR($A17="",K17=""),"",IF(OR(F17="הושלם",F17="בוטל"),"",K17-Today_)) | M17: T-001 | N17: F | O17: 46327 | P17: 46348 | Q17: 46327 | R17: 46348 | S17: מלא/אי/מכשירים; מקרר נוסף במזווה; החלטה #9 | T17: מידות 319/470, רשימת מכשירים | U17: נדרש לפני נקודות חשמל-מים | V17: =IF(AND($A17<>"",F17<>"הושלם",F17<>"בוטל",J17<>""),IF(J17<=Today_+14,IF(K17="",99999,K17)+ROW()/100000,""),"") | W17: =IFERROR(IF($A17="","",CHOOSE(MATCH(G17,{"לא התחיל","בתהליך","ממתין","תקוע","באיחור","הושלם","בוטל"},0),1,2,3,3,4,5,6)*100000+IF(K17="",99999,K17)+ROW()/1000000),"") | X17: =IF(AND($A17<>"",F17<>"הושלם",F17<>"בוטל",OR(ISNUMBER(SEARCH("אריאל",D17)),D17="כל המשפחה")),IF(K17="",99999,K17)+ROW()/100000,"") | Y17: =IF(AND($A17<>"",F17<>"הושלם",F17<>"בוטל",OR(ISNUMBER(SEARCH("רינת",D17)),D17="כל המשפחה")),IF(K17="",99999,K17)+ROW()/100000,"") | Z17: =IF(AND($A17<>"",F17<>"הושלם",F17<>"בוטל",OR(ISNUMBER(SEARCH("תמר",D17)))),IF(K17="",99999,K17)+ROW()/100000,"") | AA17: =IF(AND($A17<>"",F17<>"הושלם",F17<>"בוטל",NOT(ISNUMBER(SEARCH("אריאל",D17))),NOT(ISNUMBER(SEARCH("רינת",D17))),NOT(ISNUMBER(SEARCH("תמר",D17))),D17<>"כל המשפחה"),IF(K17="",99999,K17)+ROW()/100000,"")
A18: T-023 | B18: 2 תכנון | C18: קונספט חוץ | D18: אריאל+רינת | E18: נמוכה | F18: לא התחיל | G18: =IF($A18="","",IF(AND(F18<>"הושלם",F18<>"בוטל",K18<>"",K18<Today_),"באיחור",IF(F18="","לא התחיל",F18))) | I18: =IF($A18="","",IF(H18<>"",H18,IF(F18="הושלם",1,IF(F18="בתהליך",0.5,IF(OR(F18="ממתין",F18="תקוע"),0.25,0))))) | J18: =IF(OR($A18="",O18=""),"",IF(AND(N18="K",KeyActual<>""),O18+(KeyActual-KeyA),IF(Scenario="B",IF(Q18="",O18,Q18),O18))) | K18: =IF(OR($A18="",P18=""),"",IF(AND(N18="K",KeyActual<>""),P18+(KeyActual-KeyA),IF(Scenario="B",IF(R18="",P18,R18),P18))) | L18: =IF(OR($A18="",K18=""),"",IF(OR(F18="הושלם",F18="בוטל"),"",K18-Today_)) | M18: T-011,T-012 | N18: F | O18: 46357 | P18: 46402 | Q18: 46357 | R18: 46402 | S18: מטבח חוץ, הצללה (פרגולה לא נסגרת), גידור (זכוכית? לבדוק), גינה; החלטה #10 | T18: תקציב גינה 20–50 אלף (לא אומת) | U18: יכול לרוץ אחרי כניסה | V18: =IF(AND($A18<>"",F18<>"הושלם",F18<>"בוטל",J18<>""),IF(J18<=Today_+14,IF(K18="",99999,K18)+ROW()/100000,""),"") | W18: =IFERROR(IF($A18="","",CHOOSE(MATCH(G18,{"לא התחיל","בתהליך","ממתין","תקוע","באיחור","הושלם","בוטל"},0),1,2,3,3,4,5,6)*100000+IF(K18="",99999,K18)+ROW()/1000000),"") | X18: =IF(AND($A18<>"",F18<>"הושלם",F18<>"בוטל",OR(ISNUMBER(SEARCH("אריאל",D18)),D18="כל המשפחה")),IF(K18="",99999,K18)+ROW()/100000,"") | Y18: =IF(AND($A18<>"",F18<>"הושלם",F18<>"בוטל",OR(ISNUMBER(SEARCH("רינת",D18)),D18="כל המשפחה")),IF(K18="",99999,K18)+ROW()/100000,"") | Z18: =IF(AND($A18<>"",F18<>"הושלם",F18<>"בוטל",OR(ISNUMBER(SEARCH("תמר",D18)))),IF(K18="",99999,K18)+ROW()/100000,"") | AA18: =IF(AND($A18<>"",F18<>"הושלם",F18<>"בוטל",NOT(ISNUMBER(SEARCH("אריאל",D18))),NOT(ISNUMBER(SEARCH("רינת",D18))),NOT(ISNUMBER(SEARCH("תמר",D18))),D18<>"כל המשפחה"),IF(K18="",99999,K18)+ROW()/100000,"")
... A27: T-043 | B27: 5 מערכות | C27: מיזוג: התקנת הכנות (צנרת) בזמן עבודות | D27: מתקין מיזוג | E27: בינונית | F27: לא התחיל | G27: =IF($A27="","",IF(AND(F27<>"הושלם",F27<>"בוטל",K27<>"",K27<Today_),"באיחור",IF(F27="","לא התחיל",F27))) | I27: =IF($A27="","",IF(H27<>"",H27,IF(F27="הושלם",1,IF(F27="בתהליך",0.5,IF(OR(F27="ממתין",F27="תקוע"),0.25,0))))) | J27: =IF(OR($A27="",O27=""),"",IF(AND(N27="K",KeyActual<>""),O27+(KeyActual-KeyA),IF(Scenario="B",IF(Q27="",O27,Q27),O27))) | K27: =IF(OR($A27="",P27=""),"",IF(AND(N27="K",KeyActual<>""),P27+(KeyActual-KeyA),IF(Scenario="B",IF(R27="",P27,R27),P27))) | L27: =IF(OR($A27="",K27=""),"",IF(OR(F27="הושלם",F27="בוטל"),"",K27-Today_)) | M27: T-042,T-031 | N27: K | O27: 46371 | P27: 46392 | Q27: 46406 | R27: 46427 | S27: צנרת גז/ניקוז/חשמל לפני טיח/תקרה | T27: תוכנית תיאום מערכות | U27: חייב לפני גמר | V27: =IF(AND($A27<>"",F27<>"הושלם",F27<>"בוטל",J27<>""),IF(J27<=Today_+14,IF(K27="",99999,K27)+ROW()/100000,""),"") | W27: =IFERROR(IF($A27="","",CHOOSE(MATCH(G27,{"לא התחיל","בתהליך","ממתין","תקוע","באיחור","הושלם","בוטל"},0),1,2,3,3,4,5,6)*100000+IF(K27="",99999,K27)+ROW()/1000000),"") | X27: =IF(AND($A27<>"",F27<>"הושלם",F27<>"בוטל",OR(ISNUMBER(SEARCH("אריאל",D27)),D27="כל המשפחה")),IF(K27="",99999,K27)+ROW()/100000,"") | Y27: =IF(AND($A27<>"",F27<>"הושלם",F27<>"בוטל",OR(ISNUMBER(SEARCH("רינת",D27)),D27="כל המשפחה")),IF(K27="",99999,K27)+ROW()/100000,"") | Z27: =IF(AND($A27<>"",F27<>"הושלם",F27<>"בוטל",OR(ISNUMBER(SEARCH("תמר",D27)))),IF(K27="",99999,K27)+ROW()/100000,"") | AA27: =IF(AND($A27<>"",F27<>"הושלם",F27<>"בוטל",NOT(ISNUMBER(SEARCH("אריאל",D27))),NOT(ISNUMBER(SEARCH("רינת",D27))),NOT(ISNUMBER(SEARCH("תמר",D27))),D27<>"כל המשפחה"),IF(K27="",99999,K27)+ROW()/100000,"")
A28: T-044 | B28: 5 מערכות | C28: מיזוג: התקנת יחידות והפעלה | D28: מתקין מיזוג | E28: בינונית | F28: לא התחיל | G28: =IF($A28="","",IF(AND(F28<>"הושלם",F28<>"בוטל",K28<>"",K28<Today_),"באיחור",IF(F28="","לא התחיל",F28))) | I28: =IF($A28="","",IF(H28<>"",H28,IF(F28="הושלם",1,IF(F28="בתהליך",0.5,IF(OR(F28="ממתין",F28="תקוע"),0.25,0))))) | J28: =IF(OR($A28="",O28=""),"",IF(AND(N28="K",KeyActual<>""),O28+(KeyActual-KeyA),IF(Scenario="B",IF(Q28="",O28,Q28),O28))) | K28: =IF(OR($A28="",P28=""),"",IF(AND(N28="K",KeyActual<>""),P28+(KeyActual-KeyA),IF(Scenario="B",IF(R28="",P28,R28),P28))) | L28: =IF(OR($A28="",K28=""),"",IF(OR(F28="הושלם",F28="בוטל"),"",K28-Today_)) | M28: T-043 | N28: K | O28: 46413 | P28: 46427 | Q28: 46448 | R28: 46462 | S28: אחרי צבע/ניקיון גס | U28: הנחה: גמר ~8 שבועות אחרי מפתח | V28: =IF(AND($A28<>"",F28<>"הושלם",F28<>"בוטל",J28<>""),IF(J28<=Today_+14,IF(K28="",99999,K28)+ROW()/100000,""),"") | W28: =IFERROR(IF($A28="","",CHOOSE(MATCH(G28,{"לא התחיל","בתהליך","ממתין","תקוע","באיחור","הושלם","בוטל"},0),1,2,3,3,4,5,6)*100000+IF(K28="",99999,K28)+ROW()/1000000),"") | X28: =IF(AND($A28<>"",F28<>"הושלם",F28<>"בוטל",OR(ISNUMBER(SEARCH("אריאל",D28)),D28="כל המשפחה")),IF(K28="",99999,K28)+ROW()/100000,"") | Y28: =IF(AND($A28<>"",F28<>"הושלם",F28<>"בוטל",OR(ISNUMBER(SEARCH("רינת",D28)),D28="כל המשפחה")),IF(K28="",99999,K28)+ROW()/100000,"") | Z28: =IF(AND($A28<>"",F28<>"הושלם",F28<>"בוטל",OR(ISNUMBER(SEARCH("תמר",D28)))),IF(K28="",99999,K28)+ROW()/100000,"") | AA28: =IF(AND($A28<>"",F28<>"הושלם",F28<>"בוטל",NOT(ISNUMBER(SEARCH("אריאל",D28))),NOT(ISNUMBER(SEARCH("רינת",D28))),NOT(ISNUMBER(SEARCH("תמר",D28))),D28<>"כל המשפחה"),IF(K28="",99999,K28)+ROW()/100000,"")
A29: T-050 | B29: 4 שלד ופתחים | C29: בדיקת מסירה ופרוטוקול | D29: אריאל+רינת | E29: גבוהה | F29: לא התחיל | G29: =IF($A29="","",IF(AND(F29<>"הושלם",F29<>"בוטל",K29<>"",K29<Today_),"באיחור",IF(F29="","לא התחיל",F29))) | I29: =IF($A29="","",IF(H29<>"",H29,IF(F29="הושלם",1,IF(F29="בתהליך",0.5,IF(OR(F29="ממתין",F29="תקוע"),0.25,0))))) | J29: =IF(OR($A29="",O29=""),"",IF(AND(N29="K",KeyActual<>""),O29+(KeyActual-KeyA),IF(Scenario="B",IF(Q29="",O29,Q29),O29))) | K29: =IF(OR($A29="",P29=""),"",IF(AND(N29="K",KeyActual<>""),P29+(KeyActual-KeyA),IF(Scenario="B",IF(R29="",P29,R29),P29))) | L29: =IF(OR($A29="",K29=""),"",IF(OR(F29="הושלם",F29="בוטל"),"",K29-Today_)) | M29: T-004 | N29: K | O29: 46357 | P29: 46358 | Q29: 46392 | R29: 46393 | S29: בדק בית/מעבר על ליקויים, קריאת מונים, צילום מצב | T29: צ'קליסט, מצלמה | U29: יום המפתח | 11.10(2): השיפוץ אחרי מסירה (אושר ע"י אריאל) — פרוטוקול מסירה מפורט חיוני לשמירת האחריות | V29: =IF(AND($A29<>"",F29<>"הושלם",F29<>"בוטל",J29<>""),IF(J29<=Today_+14,IF(K29="",99999,K29)+ROW()/100000,""),"") | W29: =IFERROR(IF($A29="","",CHOOSE(MATCH(G29,{"לא התחיל","בתהליך","ממתין","תקוע","באיחור","הושלם","בוטל"},0),1,2,3,3,4,5,6)*100000+IF(K29="",99999,K29)+ROW()/1000000),"") | X29: =IF(AND($A29<>"",F29<>"הושלם",F29<>"בוטל",OR(ISNUMBER(SEARCH("אריאל",D29)),D29="כל המשפחה")),IF(K29="",99999,K29)+ROW()/100000,"") | Y29: =IF(AND($A29<>"",F29<>"הושלם",F29<>"בוטל",OR(ISNUMBER(SEARCH("רינת",D29)),D29="כל המשפחה")),IF(K29="",99999,K29)+ROW()/100000,"") | Z29: =IF(AND($A29<>"",F29<>"הושלם",F29<>"בוטל",OR(ISNUMBER(SEARCH("תמר",D29)))),IF(K29="",99999,K29)+ROW()/100000,"") | AA29: =IF(AND($A29<>"",F29<>"הושלם",F29<>"בוטל",NOT(ISNUMBER(SEARCH("אריאל",D29))),NOT(ISNUMBER(SEARCH("רינת",D29))),NOT(ISNUMBER(SEARCH("תמר",D29))),D29<>"כל המשפחה"),IF(K29="",99999,K29)+ROW()/100000,"")
A30: T-051 | B30: 4 שלד ופתחים | C30: הרחבת חלונות / פתחים | D30: קבלן | E30: בינונית | F30: לא התחיל | G30: =IF($A30="","",IF(AND(F30<>"הושלם",F30<>"בוטל",K30<>"",K30<Today_),"באיחור",IF(F30="","לא התחיל",F30))) | I30: =IF($A30="","",IF(H30<>"",H30,IF(F30="הושלם",1,IF(F30="בתהליך",0.5,IF(OR(F30="ממתין",F30="תקוע"),0.25,0))))) | J30: =IF(OR($A30="",O30=""),"",IF(AND(N30="K",KeyActual<>""),O30+(KeyActual-KeyA),IF(Scenario="B",IF(Q30="",O30,Q30),O30))) | K30: =IF(OR($A30="",P30=""),"",IF(AND(N30="K",KeyActual<>""),P30+(KeyActual-KeyA),IF(Scenario="B",IF(R30="",P30,R30),P30))) | L30: =IF(OR($A30="",K30=""),"",IF(OR(F30="הושלם",F30="בוטל"),"",K30-Today_)) | M30: T-013,T-031,T-033 | N30: K | O30: 46371 | P30: 46392 | Q30: 46406 | R30: 46427 | S30: רק לפי אישור מהנדס | T30: היתר אם נדרש | U30: לוח זמן — הנחה | V30: =IF(AND($A30<>"",F30<>"הושלם",F30<>"בוטל",J30<>""),IF(J30<=Today_+14,IF(K30="",99999,K30)+ROW()/100000,""),"") | W30: =IFERROR(IF($A30="","",CHOOSE(MATCH(G30,{"לא התחיל","בתהליך","ממתין","תקוע","באיחור","הושלם","בוטל"},0),1,2,3,3,4,5,6)*100000+IF(K30="",99999,K30)+ROW()/1000000),"") | X30: =IF(AND($A30<>"",F30<>"הושלם",F30<>"בוטל",OR(ISNUMBER(SEARCH("אריאל",D30)),D30="כל המשפחה")),IF(K30="",99999,K30)+ROW()/100000,"") | Y30: =IF(AND($A30<>"",F30<>"הושלם",F30<>"בוטל",OR(ISNUMBER(SEARCH("רינת",D30)),D30="כל המשפחה")),IF(K30="",99999,K30)+ROW()/100000,"") | Z30: =IF(AND($A30<>"",F30<>"הושלם",F30<>"בוטל",OR(ISNUMBER(SEARCH("תמר",D30)))),IF(K30="",99999,K30)+ROW()/100000,"") | AA30: =IF(AND($A30<>"",F30<>"הושלם",F30<>"בוטל",NOT(ISNUMBER(SEARCH("אריאל",D30))),NOT(ISNUMBER(SEARCH("רינת",D30))),NOT(ISNUMBER(SEARCH("תמר",D30))),D30<>"כל המשפחה"),IF(K30="",99999,K30)+ROW()/100000,"")
A31: T-052 | B31: 5 מערכות | C31: חשמל ואינסטלציה (כולל מטבח) | D31: קבלן | E31: בינונית | F31: לא התחיל | G31: =IF($A31="","",IF(AND(F31<>"הושלם",F31<>"בוטל",K31<>"",K31<Today_),"באיחור",IF(F31="","לא התחיל",F31))) | I31: =IF($A31="","",IF(H31<>"",H31,IF(F31="הושלם",1,IF(F31="בתהליך",0.5,IF(OR(F31="ממתין",F31="תקוע"),0.25,0))))) | J31: =IF(OR($A31="",O31=""),"",IF(AND(N31="K",KeyActual<>""),O31+(KeyActual-KeyA),IF(Scenario="B",IF(Q31="",O31,Q31),O31))) | K31: =IF(OR($A31="",P31=""),"",IF(AND(N31="K",KeyActual<>""),P31+(KeyActual-KeyA),IF(Scenario="B",IF(R31="",P31,R31),P31))) | L31: =IF(OR($A31="",K31=""),"",IF(OR(F31="הושלם",F31="בוטל"),"",K31-Today_)) | M31: T-022,T-031 | N31: K | O31: 46367 | P31: 46392 | Q31: 46402 | R31: 46427 | S31: לפי תכנון מטבח וגופי תאורה | T31: תוכנית נקודות | U31: הנחה | V31: =IF(AND($A31<>"",F31<>"הושלם",F31<>"בוטל",J31<>""),IF(J31<=Today_+14,IF(K31="",99999,K31)+ROW()/100000,""),"") | W31: =IFERROR(IF($A31="","",CHOOSE(MATCH(G31,{"לא התחיל","בתהליך","ממתין","תקוע","באיחור","הושלם","בוטל"},0),1,2,3,3,4,5,6)*100000+IF(K31="",99999,K31)+ROW()/1000000),"") | X31: =IF(AND($A31<>"",F31<>"הושלם",F31<>"בוטל",OR(ISNUMBER(SEARCH("אריאל",D31)),D31="כל המשפחה")),IF(K31="",99999,K31)+ROW()/100000,"") | Y31: =IF(AND($A31<>"",F31<>"הושלם",F31<>"בוטל",OR(ISNUMBER(SEARCH("רינת",D31)),D31="כל המשפחה")),IF(K31="",99999,K31)+ROW()/100000,"") | Z31: =IF(AND($A31<>"",F31<>"הושלם",F31<>"בוטל",OR(ISNUMBER(SEARCH("תמר",D31)))),IF(K31="",99999,K31)+ROW()/100000,"") | AA31: =IF(AND($A31<>"",F31<>"הושלם",F31<>"בוטל",NOT(ISNUMBER(SEARCH("אריאל",D31))),NOT(ISNUMBER(SEARCH("רינת",D31))),NOT(ISNUMBER(SEARCH("תמר",D31))),D31<>"כל המשפחה"),IF(K31="",99999,K31)+ROW()/100000,"")
A32: T-053 | B32: 6 גמר פנים | C32: ריצוף/טיח/צבע/תאורה | D32: קבלן | E32: בינונית | F32: לא התחיל | G32: =IF($A32="","",IF(AND(F32<>"הושלם",F32<>"בוטל",K32<>"",K32<Today_),"באיחור",IF(F32="","לא התחיל",F32))) | I32: =IF($A32="","",IF(H32<>"",H32,IF(F32="הושלם",1,IF(F32="בתהליך",0.5,IF(OR(F32="ממתין",F32="תקוע"),0.25,0))))) | J32: =IF(OR($A32="",O32=""),"",IF(AND(N32="K",KeyActual<>""),O32+(KeyActual-KeyA),IF(Scenario="B",IF(Q32="",O32,Q32),O32))) | K32: =IF(OR($A32="",P32=""),"",IF(AND(N32="K",KeyActual<>""),P32+(KeyActual-KeyA),IF(Scenario="B",IF(R32="",P32,R32),P32))) | L32: =IF(OR($A32="",K32=""),"",IF(OR(F32="הושלם",F32="בוטל"),"",K32-Today_)) | M32: T-052 | N32: K | O32: 46392 | P32: 46420 | Q32: 46427 | R32: 46455 | T32: בחירת חומרים | U32: הנחה | V32: =IF(AND($A32<>"",F32<>"הושלם",F32<>"בוטל",J32<>""),IF(J32<=Today_+14,IF(K32="",99999,K32)+ROW()/100000,""),"") | W32: =IFERROR(IF($A32="","",CHOOSE(MATCH(G32,{"לא התחיל","בתהליך","ממתין","תקוע","באיחור","הושלם","בוטל"},0),1,2,3,3,4,5,6)*100000+IF(K32="",99999,K32)+ROW()/1000000),"") | X32: =IF(AND($A32<>"",F32<>"הושלם",F32<>"בוטל",OR(ISNUMBER(SEARCH("אריאל",D32)),D32="כל המשפחה")),IF(K32="",99999,K32)+ROW()/100000,"") | Y32: =IF(AND($A32<>"",F32<>"הושלם",F32<>"בוטל",OR(ISNUMBER(SEARCH("רינת",D32)),D32="כל המשפחה")),IF(K32="",99999,K32)+ROW()/100000,"") | Z32: =IF(AND($A32<>"",F32<>"הושלם",F32<>"בוטל",OR(ISNUMBER(SEARCH("תמר",D32)))),IF(K32="",99999,K32)+ROW()/100000,"") | AA32: =IF(AND($A32<>"",F32<>"הושלם",F32<>"בוטל",NOT(ISNUMBER(SEARCH("אריאל",D32))),NOT(ISNUMBER(SEARCH("רינת",D32))),NOT(ISNUMBER(SEARCH("תמר",D32))),D32<>"כל המשפחה"),IF(K32="",99999,K32)+ROW()/100000,"")
A33: T-054 | B33: 9 מסירה | C33: מסירה מקבלן ובדק | D33: אריאל+קבלן | E33: בינונית | F33: לא התחיל | G33: =IF($A33="","",IF(AND(F33<>"הושלם",F33<>"בוטל",K33<>"",K33<Today_),"באיחור",IF(F33="","לא התחיל",F33))) | I33: =IF($A33="","",IF(H33<>"",H33,IF(F33="הושלם",1,IF(F33="בתהליך",0.5,IF(OR(F33="ממתין",F33="תקוע"),0.25,0))))) | J33: =IF(OR($A33="",O33=""),"",IF(AND(N33="K",KeyActual<>""),O33+(KeyActual-KeyA),IF(Scenario="B",IF(Q33="",O33,Q33),O33))) | K33: =IF(OR($A33="",P33=""),"",IF(AND(N33="K",KeyActual<>""),P33+(KeyActual-KeyA),IF(Scenario="B",IF(R33="",P33,R33),P33))) | L33: =IF(OR($A33="",K33=""),"",IF(OR(F33="הושלם",F33="בוטל"),"",K33-Today_)) | M33: T-053 | N33: K | O33: 46420 | P33: 46427 | Q33: 46455 | R33: 46462 | S33: רשימת תיקונים | U33: הנחה | V33: =IF(AND($A33<>"",F33<>"הושלם",F33<>"בוטל",J33<>""),IF(J33<=Today_+14,IF(K33="",99999,K33)+ROW()/100000,""),"") | W33: =IFERROR(IF($A33="","",CHOOSE(MATCH(G33,{"לא התחיל","בתהליך","ממתין","תקוע","באיחור","הושלם","בוטל"},0),1,2,3,3,4,5,6)*100000+IF(K33="",99999,K33)+ROW()/1000000),"") | X33: =IF(AND($A33<>"",F33<>"הושלם",F33<>"בוטל",OR(ISNUMBER(SEARCH("אריאל",D33)),D33="כל המשפחה")),IF(K33="",99999,K33)+ROW()/100000,"") | Y33: =IF(AND($A33<>"",F33<>"הושלם",F33<>"בוטל",OR(ISNUMBER(SEARCH("רינת",D33)),D33="כל המשפחה")),IF(K33="",99999,K33)+ROW()/100000,"") | Z33: =IF(AND($A33<>"",F33<>"הושלם",F33<>"בוטל",OR(ISNUMBER(SEARCH("תמר",D33)))),IF(K33="",99999,K33)+ROW()/100000,"") | AA33: =IF(AND($A33<>"",F33<>"הושלם",F33<>"בוטל",NOT(ISNUMBER(SEARCH("אריאל",D33))),NOT(ISNUMBER(SEARCH("רינת",D33))),NOT(ISNUMBER(SEARCH("תמר",D33))),D33<>"כל המשפחה"),IF(K33="",99999,K33)+ROW()/100000,"")
A34: T-055 | B34: 6 גמר פנים | C34: מטבח: בחירת ספק והזמנה | D34: אריאל+רינת | E34: בינונית | F34: לא התחיל | G34: =IF($A34="","",IF(AND(F34<>"הושלם",F34<>"בוטל",K34<>"",K34<Today_),"באיחור",IF(F34="","לא התחיל",F34))) | I34: =IF($A34="","",IF(H34<>"",H34,IF(F34="הושלם",1,IF(F34="בתהליך",0.5,IF(OR(F34="ממתין",F34="תקוע"),0.25,0))))) | J34: =IF(OR($A34="",O34=""),"",IF(AND(N34="K",KeyActual<>""),O34+(KeyActual-KeyA),IF(Scenario="B",IF(Q34="",O34,Q34),O34))) | K34: =IF(OR($A34="",P34=""),"",IF(AND(N34="K",KeyActual<>""),P34+(KeyActual-KeyA),IF(Scenario="B",IF(R34="",P34,R34),P34))) | L34: =IF(OR($A34="",K34=""),"",IF(OR(F34="הושלם",F34="בוטל"),"",K34-Today_)) | M34: T-022 | N34: F | O34: 46341 | P34: 46376 | Q34: 46341 | R34: 46376 | S34: 3 הצעות; זמן אספקה טיפוסי 6–10 שבועות (הערכה, לאמת) | T34: מידות 319/470, מכשירים (למידות נגר) | U34: הזמנה מוקדמת ככל האפשר; מדידה סופית אחרי שלד | V34: =IF(AND($A34<>"",F34<>"הושלם",F34<>"בוטל",J34<>""),IF(J34<=Today_+14,IF(K34="",99999,K34)+ROW()/100000,""),"") | W34: =IFERROR(IF($A34="","",CHOOSE(MATCH(G34,{"לא התחיל","בתהליך","ממתין","תקוע","באיחור","הושלם","בוטל"},0),1,2,3,3,4,5,6)*100000+IF(K34="",99999,K34)+ROW()/1000000),"") | X34: =IF(AND($A34<>"",F34<>"הושלם",F34<>"בוטל",OR(ISNUMBER(SEARCH("אריאל",D34)),D34="כל המשפחה")),IF(K34="",99999,K34)+ROW()/100000,"") | Y34: =IF(AND($A34<>"",F34<>"הושלם",F34<>"בוטל",OR(ISNUMBER(SEARCH("רינת",D34)),D34="כל המשפחה")),IF(K34="",99999,K34)+ROW()/100000,"") | Z34: =IF(AND($A34<>"",F34<>"הושלם",F34<>"בוטל",OR(ISNUMBER(SEARCH("תמר",D34)))),IF(K34="",99999,K34)+ROW()/100000,"") | AA34: =IF(AND($A34<>"",F34<>"הושלם",F34<>"בוטל",NOT(ISNUMBER(SEARCH("אריאל",D34))),NOT(ISNUMBER(SEARCH("רינת",D34))),NOT(ISNUMBER(SEARCH("תמר",D34))),D34<>"כל המשפחה"),IF(K34="",99999,K34)+ROW()/100000,"")
A35: T-056 | B35: 6 גמר פנים | C35: ארונות קיר/חדר אורחים/ארונות במרפסת | D35: אריאל+רינת | E35: נמוכה | F35: לא התחיל | G35: =IF($A35="","",IF(AND(F35<>"הושלם",F35<>"בוטל",K35<>"",K35<Today_),"באיחור",IF(F35="","לא התחיל",F35))) | I35: =IF($A35="","",IF(H35<>"",H35,IF(F35="הושלם",1,IF(F35="בתהליך",0.5,IF(OR(F35="ממתין",F35="תקוע"),0.25,0))))) | J35: =IF(OR($A35="",O35=""),"",IF(AND(N35="K",KeyActual<>""),O35+(KeyActual-KeyA),IF(Scenario="B",IF(Q35="",O35,Q35),O35))) | K35: =IF(OR($A35="",P35=""),"",IF(AND(N35="K",KeyActual<>""),P35+(KeyActual-KeyA),IF(Scenario="B",IF(R35="",P35,R35),P35))) | L35: =IF(OR($A35="",K35=""),"",IF(OR(F35="הושלם",F35="בוטל"),"",K35-Today_)) | M35: T-020 | N35: F | O35: 46357 | P35: 46397 | Q35: 46357 | R35: 46397 | S35: תכנון והצעות | T35: מידות חדרים | U35: תלוי בסגירת מרפסת | V35: =IF(AND($A35<>"",F35<>"הושלם",F35<>"בוטל",J35<>""),IF(J35<=Today_+14,IF(K35="",99999,K35)+ROW()/100000,""),"") | W35: =IFERROR(IF($A35="","",CHOOSE(MATCH(G35,{"לא התחיל","בתהליך","ממתין","תקוע","באיחור","הושלם","בוטל"},0),1,2,3,3,4,5,6)*100000+IF(K35="",99999,K35)+ROW()/1000000),"") | X35: =IF(AND($A35<>"",F35<>"הושלם",F35<>"בוטל",OR(ISNUMBER(SEARCH("אריאל",D35)),D35="כל המשפחה")),IF(K35="",99999,K35)+ROW()/100000,"") | Y35: =IF(AND($A35<>"",F35<>"הושלם",F35<>"בוטל",OR(ISNUMBER(SEARCH("רינת",D35)),D35="כל המשפחה")),IF(K35="",99999,K35)+ROW()/100000,"") | Z35: =IF(AND($A35<>"",F35<>"הושלם",F35<>"בוטל",OR(ISNUMBER(SEARCH("תמר",D35)))),IF(K35="",99999,K35)+ROW()/100000,"") | AA35: =IF(AND($A35<>"",F35<>"הושלם",F35<>"בוטל",NOT(ISNUMBER(SEARCH("אריאל",D35))),NOT(ISNUMBER(SEARCH("רינת",D35))),NOT(ISNUMBER(SEARCH("תמר",D35))),D35<>"כל המשפחה"),IF(K35="",99999,K35)+ROW()/100000,"")
A36: T-057 | B36: 6 גמר פנים | C36: מדידה סופית בשטח לנגרות | D36: נגר/ספק מטבח | E36: בינונית | F36: לא התחיל | G36: =IF($A36="","",IF(AND(F36<>"הושלם",F36<>"בוטל",K36<>"",K36<Today_),"באיחור",IF(F36="","לא התחיל",F36))) | I36: =IF($A36="","",IF(H36<>"",H36,IF(F36="הושלם",1,IF(F36="בתהליך",0.5,IF(OR(F36="ממתין",F36="תקוע"),0.25,0))))) | J36: =IF(OR($A36="",O36=""),"",IF(AND(N36="K",KeyActual<>""),O36+(KeyActual-KeyA),IF(Scenario="B",IF(Q36="",O36,Q36),O36))) | K36: =IF(OR($A36="",P36=""),"",IF(AND(N36="K",KeyActual<>""),P36+(KeyActual-KeyA),IF(Scenario="B",IF(R36="",P36,R36),P36))) | L36: =IF(OR($A36="",K36=""),"",IF(OR(F36="הושלם",F36="בוטל"),"",K36-Today_)) | M36: T-051,T-052 | N36: K | O36: 46392 | P36: 46399 | Q36: 46427 | R36: 46434 | S36: אחרי טיח/ריצוף | U36: שינוי מידות = שינוי הזמנה | V36: =IF(AND($A36<>"",F36<>"הושלם",F36<>"בוטל",J36<>""),IF(J36<=Today_+14,IF(K36="",99999,K36)+ROW()/100000,""),"") | W36: =IFERROR(IF($A36="","",CHOOSE(MATCH(G36,{"לא התחיל","בתהליך","ממתין","תקוע","באיחור","הושלם","בוטל"},0),1,2,3,3,4,5,6)*100000+IF(K36="",99999,K36)+ROW()/1000000),"") | X36: =IF(AND($A36<>"",F36<>"הושלם",F36<>"בוטל",OR(ISNUMBER(SEARCH("אריאל",D36)),D36="כל המשפחה")),IF(K36="",99999,K36)+ROW()/100000,"") | Y36: =IF(AND($A36<>"",F36<>"הושלם",F36<>"בוטל",OR(ISNUMBER(SEARCH("רינת",D36)),D36="כל המשפחה")),IF(K36="",99999,K36)+ROW()/100000,"") | Z36: =IF(AND($A36<>"",F36<>"הושלם",F36<>"בוטל",OR(ISNUMBER(SEARCH("תמר",D36)))),IF(K36="",99999,K36)+ROW()/100000,"") | AA36: =IF(AND($A36<>"",F36<>"הושלם",F36<>"בוטל",NOT(ISNUMBER(SEARCH("אריאל",D36))),NOT(ISNUMBER(SEARCH("רינת",D36))),NOT(ISNUMBER(SEARCH("תמר",D36))),D36<>"כל המשפחה"),IF(K36="",99999,K36)+ROW()/100000,"")
A37: T-058 | B37: 6 גמר פנים | C37: התקנת מטבח וארונות | D37: ספק מטבח/נגר | E37: בינונית | F37: לא התחיל | G37: =IF($A37="","",IF(AND(F37<>"הושלם",F37<>"בוטל",K37<>"",K37<Today_),"באיחור",IF(F37="","לא התחיל",F37))) | I37: =IF($A37="","",IF(H37<>"",H37,IF(F37="הושלם",1,IF(F37="בתהליך",0.5,IF(OR(F37="ממתין",F37="תקוע"),0.25,0))))) | J37: =IF(OR($A37="",O37=""),"",IF(AND(N37="K",KeyActual<>""),O37+(KeyActual-KeyA),IF(Scenario="B",IF(Q37="",O37,Q37),O37))) | K37: =IF(OR($A37="",P37=""),"",IF(AND(N37="K",KeyActual<>""),P37+(KeyActual-KeyA),IF(Scenario="B",IF(R37="",P37,R37),P37))) | L37: =IF(OR($A37="",K37=""),"",IF(OR(F37="הושלם",F37="בוטל"),"",K37-Today_)) | M37: T-057 | N37: K | O37: 46413 | P37: 46434 | Q37: 46448 | R37: 46469 | U37: תלוי בזמן אספקה | V37: =IF(AND($A37<>"",F37<>"הושלם",F37<>"בוטל",J37<>""),IF(J37<=Today_+14,IF(K37="",99999,K37)+ROW()/100000,""),"") | W37: =IFERROR(IF($A37="","",CHOOSE(MATCH(G37,{"לא התחיל","בתהליך","ממתין","תקוע","באיחור","הושלם","בוטל"},0),1,2,3,3,4,5,6)*100000+IF(K37="",99999,K37)+ROW()/1000000),"") | X37: =IF(AND($A37<>"",F37<>"הושלם",F37<>"בוטל",OR(ISNUMBER(SEARCH("אריאל",D37)),D37="כל המשפחה")),IF(K37="",99999,K37)+ROW()/100000,"") | Y37: =IF(AND($A37<>"",F37<>"הושלם",F37<>"בוטל",OR(ISNUMBER(SEARCH("רינת",D37)),D37="כל המשפחה")),IF(K37="",99999,K37)+ROW()/100000,"") | Z37: =IF(AND($A37<>"",F37<>"הושלם",F37<>"בוטל",OR(ISNUMBER(SEARCH("תמר",D37)))),IF(K37="",99999,K37)+ROW()/100000,"") | AA37: =IF(AND($A37<>"",F37<>"הושלם",F37<>"בוטל",NOT(ISNUMBER(SEARCH("אריאל",D37))),NOT(ISNUMBER(SEARCH("רינת",D37))),NOT(ISNUMBER(SEARCH("תמר",D37))),D37<>"כל המשפחה"),IF(K37="",99999,K37)+ROW()/100000,"")
A38: T-060 | B38: הכנה למעבר | C38: בעל הדירה: תאריך פינוי מדויק + הודעה | D38: אריאל | E38: גבוהה | F38: לא התחיל | G38: =IF($A38="","",IF(AND(F38<>"הושלם",F38<>"בוטל",K38<>"",K38<Today_),"באיחור",IF(F38="","לא התחיל",F38))) | I38: =IF($A38="","",IF(H38<>"",H38,IF(F38="הושלם",1,IF(F38="בתהליך",0.5,IF(OR(F38="ממתין",F38="תקוע"),0.25,0))))) | J38: =IF(OR($A38="",O38=""),"",IF(AND(N38="K",KeyActual<>""),O38+(KeyActual-KeyA),IF(Scenario="B",IF(Q38="",O38,Q38),O38))) | K38: =IF(OR($A38="",P38=""),"",IF(AND(N38="K",KeyActual<>""),P38+(KeyActual-KeyA),IF(Scenario="B",IF(R38="",P38,R38),P38))) | L38: =IF(OR($A38="",K38=""),"",IF(OR(F38="הושלם",F38="בוטל"),"",K38-Today_)) | M38: — | N38: F | O38: 46308 | P38: 46315 | Q38: 46308 | R38: 46315 | S38: לאמת בחוזה תאריך סיום שכירות ותקופת הודעה; לשאול על אפשרות הארכה חודשית (חלופה B) | T38: חוזה שכירות | U38: נתיב קריטי: תאריך פינוי | V38: =IF(AND($A38<>"",F38<>"הושלם",F38<>"בוטל",J38<>""),IF(J38<=Today_+14,IF(K38="",99999,K38)+ROW()/100000,""),"") | W38: =IFERROR(IF($A38="","",CHOOSE(MATCH(G38,{"לא התחיל","בתהליך","ממתין","תקוע","באיחור","הושלם","בוטל"},0),1,2,3,3,4,5,6)*100000+IF(K38="",99999,K38)+ROW()/1000000),"") | X38: =IF(AND($A38<>"",F38<>"הושלם",F38<>"בוטל",OR(ISNUMBER(SEARCH("אריאל",D38)),D38="כל המשפחה")),IF(K38="",99999,K38)+ROW()/100000,"") | Y38: =IF(AND($A38<>"",F38<>"הושלם",F38<>"בוטל",OR(ISNUMBER(SEARCH("רינת",D38)),D38="כל המשפחה")),IF(K38="",99999,K38)+ROW()/100000,"") | Z38: =IF(AND($A38<>"",F38<>"הושלם",F38<>"בוטל",OR(ISNUMBER(SEARCH("תמר",D38)))),IF(K38="",99999,K38)+ROW()/100000,"") | AA38: =IF(AND($A38<>"",F38<>"הושלם",F38<>"בוטל",NOT(ISNUMBER(SEARCH("אריאל",D38))),NOT(ISNUMBER(SEARCH("רינת",D38))),NOT(ISNUMBER(SEARCH("תמר",D38))),D38<>"כל המשפחה"),IF(K38="",99999,K38)+ROW()/100000,"")
A39: T-061 | B39: הכנה למעבר | C39: 3 הצעות ממובילים (כולל אחסון / מעבר כפול) | D39: רינת | E39: בינונית | F39: לא התחיל | G39: =IF($A39="","",IF(AND(F39<>"הושלם",F39<>"בוטל",K39<>"",K39<Today_),"באיחור",IF(F39="","לא התחיל",F39))) | I39: =IF($A39="","",IF(H39<>"",H39,IF(F39="הושלם",1,IF(F39="בתהליך",0.5,IF(OR(F39="ממתין",F39="תקוע"),0.25,0))))) | J39: =IF(OR($A39="",O39=""),"",IF(AND(N39="K",KeyActual<>""),O39+(KeyActual-KeyA),IF(Scenario="B",IF(Q39="",O39,Q39),O39))) | K39: =IF(OR($A39="",P39=""),"",IF(AND(N39="K",KeyActual<>""),P39+(KeyActual-KeyA),IF(Scenario="B",IF(R39="",P39,R39),P39))) | L39: =IF(OR($A39="",K39=""),"",IF(OR(F39="הושלם",F39="בוטל"),"",K39-Today_)) | M39: T-060 | N39: F | O39: 46310 | P39: 46331 | Q39: 46310 | R39: 46331 | S39: לבקש מחיר לשני מסלולים: ישיר לבית (A) / דירה→אחסון→בית (B) | T39: רשימת תכולה, קומה/מעלית | U39: הזמנה באישור | V39: =IF(AND($A39<>"",F39<>"הושלם",F39<>"בוטל",J39<>""),IF(J39<=Today_+14,IF(K39="",99999,K39)+ROW()/100000,""),"") | W39: =IFERROR(IF($A39="","",CHOOSE(MATCH(G39,{"לא התחיל","בתהליך","ממתין","תקוע","באיחור","הושלם","בוטל"},0),1,2,3,3,4,5,6)*100000+IF(K39="",99999,K39)+ROW()/1000000),"") | X39: =IF(AND($A39<>"",F39<>"הושלם",F39<>"בוטל",OR(ISNUMBER(SEARCH("אריאל",D39)),D39="כל המשפחה")),IF(K39="",99999,K39)+ROW()/100000,"") | Y39: =IF(AND($A39<>"",F39<>"הושלם",F39<>"בוטל",OR(ISNUMBER(SEARCH("רינת",D39)),D39="כל המשפחה")),IF(K39="",99999,K39)+ROW()/100000,"") | Z39: =IF(AND($A39<>"",F39<>"הושלם",F39<>"בוטל",OR(ISNUMBER(SEARCH("תמר",D39)))),IF(K39="",99999,K39)+ROW()/100000,"") | AA39: =IF(AND($A39<>"",F39<>"הושלם",F39<>"בוטל",NOT(ISNUMBER(SEARCH("אריאל",D39))),NOT(ISNUMBER(SEARCH("רינת",D39))),NOT(ISNUMBER(SEARCH("תמר",D39))),D39<>"כל המשפחה"),IF(K39="",99999,K39)+ROW()/100000,"")
A40: T-062 | B40: הכנה למעבר | C40: מיון ואריזה | D40: כל המשפחה | E40: בינונית | F40: לא התחיל | G40: =IF($A40="","",IF(AND(F40<>"הושלם",F40<>"בוטל",K40<>"",K40<Today_),"באיחור",IF(F40="","לא התחיל",F40))) | I40: =IF($A40="","",IF(H40<>"",H40,IF(F40="הושלם",1,IF(F40="בתהליך",0.5,IF(OR(F40="ממתין",F40="תקוע"),0.25,0))))) | J40: =IF(OR($A40="",O40=""),"",IF(AND(N40="K",KeyActual<>""),O40+(KeyActual-KeyA),IF(Scenario="B",IF(Q40="",O40,Q40),O40))) | K40: =IF(OR($A40="",P40=""),"",IF(AND(N40="K",KeyActual<>""),P40+(KeyActual-KeyA),IF(Scenario="B",IF(R40="",P40,R40),P40))) | L40: =IF(OR($A40="",K40=""),"",IF(OR(F40="הושלם",F40="בוטל"),"",K40-Today_)) | M40: T-061 | N40: F | O40: 46327 | P40: 46355 | Q40: 46327 | R40: 46355 | S40: אריזה לפי חדר; ארגזי 'יום ראשון' נפרדים | U40: לפי תאריך הפינוי, לא לפי המפתח | V40: =IF(AND($A40<>"",F40<>"הושלם",F40<>"בוטל",J40<>""),IF(J40<=Today_+14,IF(K40="",99999,K40)+ROW()/100000,""),"") | W40: =IFERROR(IF($A40="","",CHOOSE(MATCH(G40,{"לא התחיל","בתהליך","ממתין","תקוע","באיחור","הושלם","בוטל"},0),1,2,3,3,4,5,6)*100000+IF(K40="",99999,K40)+ROW()/1000000),"") | X40: =IF(AND($A40<>"",F40<>"הושלם",F40<>"בוטל",OR(ISNUMBER(SEARCH("אריאל",D40)),D40="כל המשפחה")),IF(K40="",99999,K40)+ROW()/100000,"") | Y40: =IF(AND($A40<>"",F40<>"הושלם",F40<>"בוטל",OR(ISNUMBER(SEARCH("רינת",D40)),D40="כל המשפחה")),IF(K40="",99999,K40)+ROW()/100000,"") | Z40: =IF(AND($A40<>"",F40<>"הושלם",F40<>"בוטל",OR(ISNUMBER(SEARCH("תמר",D40)))),IF(K40="",99999,K40)+ROW()/100000,"") | AA40: =IF(AND($A40<>"",F40<>"הושלם",F40<>"בוטל",NOT(ISNUMBER(SEARCH("אריאל",D40))),NOT(ISNUMBER(SEARCH("רינת",D40))),NOT(ISNUMBER(SEARCH("תמר",D40))),D40<>"כל המשפחה"),IF(K40="",99999,K40)+ROW()/100000,"")
A41: T-063 | B41: הכנה למעבר | C41: העברת חשמל | D41: אריאל | E41: בינונית | F41: לא התחיל | G41: =IF($A41="","",IF(AND(F41<>"הושלם",F41<>"בוטל",K41<>"",K41<Today_),"באיחור",IF(F41="","לא התחיל",F41))) | I41: =IF($A41="","",IF(H41<>"",H41,IF(F41="הושלם",1,IF(F41="בתהליך",0.5,IF(OR(F41="ממתין",F41="תקוע"),0.25,0))))) | J41: =IF(OR($A41="",O41=""),"",IF(AND(N41="K",KeyActual<>""),O41+(KeyActual-KeyA),IF(Scenario="B",IF(Q41="",O41,Q41),O41))) | K41: =IF(OR($A41="",P41=""),"",IF(AND(N41="K",KeyActual<>""),P41+(KeyActual-KeyA),IF(Scenario="B",IF(R41="",P41,R41),P41))) | L41: =IF(OR($A41="",K41=""),"",IF(OR(F41="הושלם",F41="בוטל"),"",K41-Today_)) | M41: T-050 | N41: K | O41: 46357 | P41: 46360 | Q41: 46392 | R41: 46395 | S41: קריאת מונה ביום מפתח, העברת חשבון | T41: מספר חוזה/מונה, ת"ז | V41: =IF(AND($A41<>"",F41<>"הושלם",F41<>"בוטל",J41<>""),IF(J41<=Today_+14,IF(K41="",99999,K41)+ROW()/100000,""),"") | W41: =IFERROR(IF($A41="","",CHOOSE(MATCH(G41,{"לא התחיל","בתהליך","ממתין","תקוע","באיחור","הושלם","בוטל"},0),1,2,3,3,4,5,6)*100000+IF(K41="",99999,K41)+ROW()/1000000),"") | X41: =IF(AND($A41<>"",F41<>"הושלם",F41<>"בוטל",OR(ISNUMBER(SEARCH("אריאל",D41)),D41="כל המשפחה")),IF(K41="",99999,K41)+ROW()/100000,"") | Y41: =IF(AND($A41<>"",F41<>"הושלם",F41<>"בוטל",OR(ISNUMBER(SEARCH("רינת",D41)),D41="כל המשפחה")),IF(K41="",99999,K41)+ROW()/100000,"") | Z41: =IF(AND($A41<>"",F41<>"הושלם",F41<>"בוטל",OR(ISNUMBER(SEARCH("תמר",D41)))),IF(K41="",99999,K41)+ROW()/100000,"") | AA41: =IF(AND($A41<>"",F41<>"הושלם",F41<>"בוטל",NOT(ISNUMBER(SEARCH("אריאל",D41))),NOT(ISNUMBER(SEARCH("רינת",D41))),NOT(ISNUMBER(SEARCH("תמר",D41))),D41<>"כל המשפחה"),IF(K41="",99999,K41)+ROW()/100000,"")
A42: T-064 | B42: הכנה למעבר | C42: העברת מים + ארנונה (מועצה) | D42: אריאל | E42: בינונית | F42: לא התחיל | G42: =IF($A42="","",IF(AND(F42<>"הושלם",F42<>"בוטל",K42<>"",K42<Today_),"באיחור",IF(F42="","לא התחיל",F42))) | I42: =IF($A42="","",IF(H42<>"",H42,IF(F42="הושלם",1,IF(F42="בתהליך",0.5,IF(OR(F42="ממתין",F42="תקוע"),0.25,0))))) | J42: =IF(OR($A42="",O42=""),"",IF(AND(N42="K",KeyActual<>""),O42+(KeyActual-KeyA),IF(Scenario="B",IF(Q42="",O42,Q42),O42))) | K42: =IF(OR($A42="",P42=""),"",IF(AND(N42="K",KeyActual<>""),P42+(KeyActual-KeyA),IF(Scenario="B",IF(R42="",P42,R42),P42))) | L42: =IF(OR($A42="",K42=""),"",IF(OR(F42="הושלם",F42="בוטל"),"",K42-Today_)) | M42: T-050 | N42: K | O42: 46357 | P42: 46364 | Q42: 46392 | R42: 46399 | S42: עדכון מחזיק נכס במועצה (מטה בנימין) ובדירה הישנה | T42: חוזה רכישה, פרוטוקול מסירה | U42: לאמת ספק מים ביישוב | V42: =IF(AND($A42<>"",F42<>"הושלם",F42<>"בוטל",J42<>""),IF(J42<=Today_+14,IF(K42="",99999,K42)+ROW()/100000,""),"") | W42: =IFERROR(IF($A42="","",CHOOSE(MATCH(G42,{"לא התחיל","בתהליך","ממתין","תקוע","באיחור","הושלם","בוטל"},0),1,2,3,3,4,5,6)*100000+IF(K42="",99999,K42)+ROW()/1000000),"") | X42: =IF(AND($A42<>"",F42<>"הושלם",F42<>"בוטל",OR(ISNUMBER(SEARCH("אריאל",D42)),D42="כל המשפחה")),IF(K42="",99999,K42)+ROW()/100000,"") | Y42: =IF(AND($A42<>"",F42<>"הושלם",F42<>"בוטל",OR(ISNUMBER(SEARCH("רינת",D42)),D42="כל המשפחה")),IF(K42="",99999,K42)+ROW()/100000,"") | Z42: =IF(AND($A42<>"",F42<>"הושלם",F42<>"בוטל",OR(ISNUMBER(SEARCH("תמר",D42)))),IF(K42="",99999,K42)+ROW()/100000,"") | AA42: =IF(AND($A42<>"",F42<>"הושלם",F42<>"בוטל",NOT(ISNUMBER(SEARCH("אריאל",D42))),NOT(ISNUMBER(SEARCH("רינת",D42))),NOT(ISNUMBER(SEARCH("תמר",D42))),D42<>"כל המשפחה"),IF(K42="",99999,K42)+ROW()/100000,"")
A43: T-065 | B43: הכנה למעבר | C43: גז | D43: רינת | E43: בינונית | F43: לא התחיל | G43: =IF($A43="","",IF(AND(F43<>"הושלם",F43<>"בוטל",K43<>"",K43<Today_),"באיחור",IF(F43="","לא התחיל",F43))) | I43: =IF($A43="","",IF(H43<>"",H43,IF(F43="הושלם",1,IF(F43="בתהליך",0.5,IF(OR(F43="ממתין",F43="תקוע"),0.25,0))))) | J43: =IF(OR($A43="",O43=""),"",IF(AND(N43="K",KeyActual<>""),O43+(KeyActual-KeyA),IF(Scenario="B",IF(Q43="",O43,Q43),O43))) | K43: =IF(OR($A43="",P43=""),"",IF(AND(N43="K",KeyActual<>""),P43+(KeyActual-KeyA),IF(Scenario="B",IF(R43="",P43,R43),P43))) | L43: =IF(OR($A43="",K43=""),"",IF(OR(F43="הושלם",F43="בוטל"),"",K43-Today_)) | M43: T-050 | N43: K | O43: 46357 | P43: 46371 | Q43: 46392 | R43: 46406 | S43: ניתוק בדירה הישנה, חיבור/בדיקה בבית | T43: ספק גז | U43: תלוי במטבח | V43: =IF(AND($A43<>"",F43<>"הושלם",F43<>"בוטל",J43<>""),IF(J43<=Today_+14,IF(K43="",99999,K43)+ROW()/100000,""),"") | W43: =IFERROR(IF($A43="","",CHOOSE(MATCH(G43,{"לא התחיל","בתהליך","ממתין","תקוע","באיחור","הושלם","בוטל"},0),1,2,3,3,4,5,6)*100000+IF(K43="",99999,K43)+ROW()/1000000),"") | X43: =IF(AND($A43<>"",F43<>"הושלם",F43<>"בוטל",OR(ISNUMBER(SEARCH("אריאל",D43)),D43="כל המשפחה")),IF(K43="",99999,K43)+ROW()/100000,"") | Y43: =IF(AND($A43<>"",F43<>"הושלם",F43<>"בוטל",OR(ISNUMBER(SEARCH("רינת",D43)),D43="כל המשפחה")),IF(K43="",99999,K43)+ROW()/100000,"") | Z43: =IF(AND($A43<>"",F43<>"הושלם",F43<>"בוטל",OR(ISNUMBER(SEARCH("תמר",D43)))),IF(K43="",99999,K43)+ROW()/100000,"") | AA43: =IF(AND($A43<>"",F43<>"הושלם",F43<>"בוטל",NOT(ISNUMBER(SEARCH("אריאל",D43))),NOT(ISNUMBER(SEARCH("רינת",D43))),NOT(ISNUMBER(SEARCH("תמר",D43))),D43<>"כל המשפחה"),IF(K43="",99999,K43)+ROW()/100000,"")
A44: T-066 | B44: הכנה למעבר | C44: אינטרנט/תקשורת | D44: אריאל | E44: בינונית | F44: לא התחיל | G44: =IF($A44="","",IF(AND(F44<>"הושלם",F44<>"בוטל",K44<>"",K44<Today_),"באיחור",IF(F44="","לא התחיל",F44))) | I44: =IF($A44="","",IF(H44<>"",H44,IF(F44="הושלם",1,IF(F44="בתהליך",0.5,IF(OR(F44="ממתין",F44="תקוע"),0.25,0))))) | J44: =IF(OR($A44="",O44=""),"",IF(AND(N44="K",KeyActual<>""),O44+(KeyActual-KeyA),IF(Scenario="B",IF(Q44="",O44,Q44),O44))) | K44: =IF(OR($A44="",P44=""),"",IF(AND(N44="K",KeyActual<>""),P44+(KeyActual-KeyA),IF(Scenario="B",IF(R44="",P44,R44),P44))) | L44: =IF(OR($A44="",K44=""),"",IF(OR(F44="הושלם",F44="בוטל"),"",K44-Today_)) | M44: T-004 | N44: K | O44: 46336 | P44: 46364 | Q44: 46371 | R44: 46399 | S44: בדיקת תשתית סיבים ביישוב, תיאום התקנה מראש | T44: כתובת | U44: להזמין מוקדם | V44: =IF(AND($A44<>"",F44<>"הושלם",F44<>"בוטל",J44<>""),IF(J44<=Today_+14,IF(K44="",99999,K44)+ROW()/100000,""),"") | W44: =IFERROR(IF($A44="","",CHOOSE(MATCH(G44,{"לא התחיל","בתהליך","ממתין","תקוע","באיחור","הושלם","בוטל"},0),1,2,3,3,4,5,6)*100000+IF(K44="",99999,K44)+ROW()/1000000),"") | X44: =IF(AND($A44<>"",F44<>"הושלם",F44<>"בוטל",OR(ISNUMBER(SEARCH("אריאל",D44)),D44="כל המשפחה")),IF(K44="",99999,K44)+ROW()/100000,"") | Y44: =IF(AND($A44<>"",F44<>"הושלם",F44<>"בוטל",OR(ISNUMBER(SEARCH("רינת",D44)),D44="כל המשפחה")),IF(K44="",99999,K44)+ROW()/100000,"") | Z44: =IF(AND($A44<>"",F44<>"הושלם",F44<>"בוטל",OR(ISNUMBER(SEARCH("תמר",D44)))),IF(K44="",99999,K44)+ROW()/100000,"") | AA44: =IF(AND($A44<>"",F44<>"הושלם",F44<>"בוטל",NOT(ISNUMBER(SEARCH("אריאל",D44))),NOT(ISNUMBER(SEARCH("רינת",D44))),NOT(ISNUMBER(SEARCH("תמר",D44))),D44<>"כל המשפחה"),IF(K44="",99999,K44)+ROW()/100000,"")
A45: T-067 | B45: הכנה למעבר | C45: שינוי כתובת ודואר | D45: רינת | E45: בינונית | F45: לא התחיל | G45: =IF($A45="","",IF(AND(F45<>"הושלם",F45<>"בוטל",K45<>"",K45<Today_),"באיחור",IF(F45="","לא התחיל",F45))) | I45: =IF($A45="","",IF(H45<>"",H45,IF(F45="הושלם",1,IF(F45="בתהליך",0.5,IF(OR(F45="ממתין",F45="תקוע"),0.25,0))))) | J45: =IF(OR($A45="",O45=""),"",IF(AND(N45="K",KeyActual<>""),O45+(KeyActual-KeyA),IF(Scenario="B",IF(Q45="",O45,Q45),O45))) | K45: =IF(OR($A45="",P45=""),"",IF(AND(N45="K",KeyActual<>""),P45+(KeyActual-KeyA),IF(Scenario="B",IF(R45="",P45,R45),P45))) | L45: =IF(OR($A45="",K45=""),"",IF(OR(F45="הושלם",F45="בוטל"),"",K45-Today_)) | M45: T-060 | N45: K | O45: 46350 | P45: 46371 | Q45: 46385 | R45: 46406 | S45: משרד הפנים, בנקים, ביטוחים, קופ"ח, בתי ספר, הפניית דואר | T45: ת"ז | U45: מועד = יום מעבר בפועל | V45: =IF(AND($A45<>"",F45<>"הושלם",F45<>"בוטל",J45<>""),IF(J45<=Today_+14,IF(K45="",99999,K45)+ROW()/100000,""),"") | W45: =IFERROR(IF($A45="","",CHOOSE(MATCH(G45,{"לא התחיל","בתהליך","ממתין","תקוע","באיחור","הושלם","בוטל"},0),1,2,3,3,4,5,6)*100000+IF(K45="",99999,K45)+ROW()/1000000),"") | X45: =IF(AND($A45<>"",F45<>"הושלם",F45<>"בוטל",OR(ISNUMBER(SEARCH("אריאל",D45)),D45="כל המשפחה")),IF(K45="",99999,K45)+ROW()/100000,"") | Y45: =IF(AND($A45<>"",F45<>"הושלם",F45<>"בוטל",OR(ISNUMBER(SEARCH("רינת",D45)),D45="כל המשפחה")),IF(K45="",99999,K45)+ROW()/100000,"") | Z45: =IF(AND($A45<>"",F45<>"הושלם",F45<>"בוטל",OR(ISNUMBER(SEARCH("תמר",D45)))),IF(K45="",99999,K45)+ROW()/100000,"") | AA45: =IF(AND($A45<>"",F45<>"הושלם",F45<>"בוטל",NOT(ISNUMBER(SEARCH("אריאל",D45))),NOT(ISNUMBER(SEARCH("רינת",D45))),NOT(ISNUMBER(SEARCH("תמר",D45))),D45<>"כל המשפחה"),IF(K45="",99999,K45)+ROW()/100000,"")
A46: T-068 | B46: הכנה למעבר | C46: ביטוח דירה/מבנה לבית החדש | D46: אריאל | E46: בינונית | F46: לא התחיל | G46: =IF($A46="","",IF(AND(F46<>"הושלם",F46<>"בוטל",K46<>"",K46<Today_),"באיחור",IF(F46="","לא התחיל",F46))) | I46: =IF($A46="","",IF(H46<>"",H46,IF(F46="הושלם",1,IF(F46="בתהליך",0.5,IF(OR(F46="ממתין",F46="תקוע"),0.25,0))))) | J46: =IF(OR($A46="",O46=""),"",IF(AND(N46="K",KeyActual<>""),O46+(KeyActual-KeyA),IF(Scenario="B",IF(Q46="",O46,Q46),O46))) | K46: =IF(OR($A46="",P46=""),"",IF(AND(N46="K",KeyActual<>""),P46+(KeyActual-KeyA),IF(Scenario="B",IF(R46="",P46,R46),P46))) | L46: =IF(OR($A46="",K46=""),"",IF(OR(F46="הושלם",F46="בוטל"),"",K46-Today_)) | M46: T-004 | N46: K | O46: 46343 | P46: 46357 | Q46: 46378 | R46: 46392 | S46: פוליסה בתוקף מיום המפתח | T46: פרטי נכס | V46: =IF(AND($A46<>"",F46<>"הושלם",F46<>"בוטל",J46<>""),IF(J46<=Today_+14,IF(K46="",99999,K46)+ROW()/100000,""),"") | W46: =IFERROR(IF($A46="","",CHOOSE(MATCH(G46,{"לא התחיל","בתהליך","ממתין","תקוע","באיחור","הושלם","בוטל"},0),1,2,3,3,4,5,6)*100000+IF(K46="",99999,K46)+ROW()/1000000),"") | X46: =IF(AND($A46<>"",F46<>"הושלם",F46<>"בוטל",OR(ISNUMBER(SEARCH("אריאל",D46)),D46="כל המשפחה")),IF(K46="",99999,K46)+ROW()/100000,"") | Y46: =IF(AND($A46<>"",F46<>"הושלם",F46<>"בוטל",OR(ISNUMBER(SEARCH("רינת",D46)),D46="כל המשפחה")),IF(K46="",99999,K46)+ROW()/100000,"") | Z46: =IF(AND($A46<>"",F46<>"הושלם",F46<>"בוטל",OR(ISNUMBER(SEARCH("תמר",D46)))),IF(K46="",99999,K46)+ROW()/100000,"") | AA46: =IF(AND($A46<>"",F46<>"הושלם",F46<>"בוטל",NOT(ISNUMBER(SEARCH("אריאל",D46))),NOT(ISNUMBER(SEARCH("רינת",D46))),NOT(ISNUMBER(SEARCH("תמר",D46))),D46<>"כל המשפחה"),IF(K46="",99999,K46)+ROW()/100000,"")
A47: T-069 | B47: הכנה למעבר | C47: יום ההובלה | D47: מובילים | E47: גבוהה | F47: לא התחיל | G47: =IF($A47="","",IF(AND(F47<>"הושלם",F47<>"בוטל",K47<>"",K47<Today_),"באיחור",IF(F47="","לא התחיל",F47))) | I47: =IF($A47="","",IF(H47<>"",H47,IF(F47="הושלם",1,IF(F47="בתהליך",0.5,IF(OR(F47="ממתין",F47="תקוע"),0.25,0))))) | J47: =IF(OR($A47="",O47=""),"",IF(AND(N47="K",KeyActual<>""),O47+(KeyActual-KeyA),IF(Scenario="B",IF(Q47="",O47,Q47),O47))) | K47: =IF(OR($A47="",P47=""),"",IF(AND(N47="K",KeyActual<>""),P47+(KeyActual-KeyA),IF(Scenario="B",IF(R47="",P47,R47),P47))) | L47: =IF(OR($A47="",K47=""),"",IF(OR(F47="הושלם",F47="בוטל"),"",K47-Today_)) | M47: T-062 | N47: F | O47: 46356 | P47: 46357 | Q47: 46356 | R47: 46357 | S47: A: ישירות לבית מיד אחרי מפתח. B: לאחסון/מגורי ביניים, ושוב לבית אחרי מפתח | U47: תאריך פינוי — לא אומת | V47: =IF(AND($A47<>"",F47<>"הושלם",F47<>"בוטל",J47<>""),IF(J47<=Today_+14,IF(K47="",99999,K47)+ROW()/100000,""),"") | W47: =IFERROR(IF($A47="","",CHOOSE(MATCH(G47,{"לא התחיל","בתהליך","ממתין","תקוע","באיחור","הושלם","בוטל"},0),1,2,3,3,4,5,6)*100000+IF(K47="",99999,K47)+ROW()/1000000),"") | X47: =IF(AND($A47<>"",F47<>"הושלם",F47<>"בוטל",OR(ISNUMBER(SEARCH("אריאל",D47)),D47="כל המשפחה")),IF(K47="",99999,K47)+ROW()/100000,"") | Y47: =IF(AND($A47<>"",F47<>"הושלם",F47<>"בוטל",OR(ISNUMBER(SEARCH("רינת",D47)),D47="כל המשפחה")),IF(K47="",99999,K47)+ROW()/100000,"") | Z47: =IF(AND($A47<>"",F47<>"הושלם",F47<>"בוטל",OR(ISNUMBER(SEARCH("תמר",D47)))),IF(K47="",99999,K47)+ROW()/100000,"") | AA47: =IF(AND($A47<>"",F47<>"הושלם",F47<>"בוטל",NOT(ISNUMBER(SEARCH("אריאל",D47))),NOT(ISNUMBER(SEARCH("רינת",D47))),NOT(ISNUMBER(SEARCH("תמר",D47))),D47<>"כל המשפחה"),IF(K47="",99999,K47)+ROW()/100000,"")
A48: T-070 | B48: 7 חוץ ופיתוח | C48: תשתיות חוץ (ניקוז, חשמל, השקיה) לפני ריצוף | D48: קבלן | E48: בינונית | F48: לא התחיל | G48: =IF($A48="","",IF(AND(F48<>"הושלם",F48<>"בוטל",K48<>"",K48<Today_),"באיחור",IF(F48="","לא התחיל",F48))) | I48: =IF($A48="","",IF(H48<>"",H48,IF(F48="הושלם",1,IF(F48="בתהליך",0.5,IF(OR(F48="ממתין",F48="תקוע"),0.25,0))))) | J48: =IF(OR($A48="",O48=""),"",IF(AND(N48="K",KeyActual<>""),O48+(KeyActual-KeyA),IF(Scenario="B",IF(Q48="",O48,Q48),O48))) | K48: =IF(OR($A48="",P48=""),"",IF(AND(N48="K",KeyActual<>""),P48+(KeyActual-KeyA),IF(Scenario="B",IF(R48="",P48,R48),P48))) | L48: =IF(OR($A48="",K48=""),"",IF(OR(F48="הושלם",F48="בוטל"),"",K48-Today_)) | M48: T-023 | N48: K | O48: 46392 | P48: 46417 | Q48: 46427 | R48: 46452 | T48: תכנית פיתוח | U48: לאחר החלטה #10 | V48: =IF(AND($A48<>"",F48<>"הושלם",F48<>"בוטל",J48<>""),IF(J48<=Today_+14,IF(K48="",99999,K48)+ROW()/100000,""),"") | W48: =IFERROR(IF($A48="","",CHOOSE(MATCH(G48,{"לא התחיל","בתהליך","ממתין","תקוע","באיחור","הושלם","בוטל"},0),1,2,3,3,4,5,6)*100000+IF(K48="",99999,K48)+ROW()/1000000),"") | X48: =IF(AND($A48<>"",F48<>"הושלם",F48<>"בוטל",OR(ISNUMBER(SEARCH("אריאל",D48)),D48="כל המשפחה")),IF(K48="",99999,K48)+ROW()/100000,"") | Y48: =IF(AND($A48<>"",F48<>"הושלם",F48<>"בוטל",OR(ISNUMBER(SEARCH("רינת",D48)),D48="כל המשפחה")),IF(K48="",99999,K48)+ROW()/100000,"") | Z48: =IF(AND($A48<>"",F48<>"הושלם",F48<>"בוטל",OR(ISNUMBER(SEARCH("תמר",D48)))),IF(K48="",99999,K48)+ROW()/100000,"") | AA48: =IF(AND($A48<>"",F48<>"הושלם",F48<>"בוטל",NOT(ISNUMBER(SEARCH("אריאל",D48))),NOT(ISNUMBER(SEARCH("רינת",D48))),NOT(ISNUMBER(SEARCH("תמר",D48))),D48<>"כל המשפחה"),IF(K48="",99999,K48)+ROW()/100000,"")
A49: T-071 | B49: 7 חוץ ופיתוח | C49: ריצוף, גינה, גידור, תאורה, מטבח חוץ | D49: קבלן/גנן | E49: נמוכה | F49: לא התחיל | G49: =IF($A49="","",IF(AND(F49<>"הושלם",F49<>"בוטל",K49<>"",K49<Today_),"באיחור",IF(F49="","לא התחיל",F49))) | I49: =IF($A49="","",IF(H49<>"",H49,IF(F49="הושלם",1,IF(F49="בתהליך",0.5,IF(OR(F49="ממתין",F49="תקוע"),0.25,0))))) | J49: =IF(OR($A49="",O49=""),"",IF(AND(N49="K",KeyActual<>""),O49+(KeyActual-KeyA),IF(Scenario="B",IF(Q49="",O49,Q49),O49))) | K49: =IF(OR($A49="",P49=""),"",IF(AND(N49="K",KeyActual<>""),P49+(KeyActual-KeyA),IF(Scenario="B",IF(R49="",P49,R49),P49))) | L49: =IF(OR($A49="",K49=""),"",IF(OR(F49="הושלם",F49="בוטל"),"",K49-Today_)) | M49: T-070 | N49: K | O49: 46417 | P49: 46477 | Q49: 46452 | R49: 46512 | U49: יכול לרוץ אחרי כניסה | V49: =IF(AND($A49<>"",F49<>"הושלם",F49<>"בוטל",J49<>""),IF(J49<=Today_+14,IF(K49="",99999,K49)+ROW()/100000,""),"") | W49: =IFERROR(IF($A49="","",CHOOSE(MATCH(G49,{"לא התחיל","בתהליך","ממתין","תקוע","באיחור","הושלם","בוטל"},0),1,2,3,3,4,5,6)*100000+IF(K49="",99999,K49)+ROW()/1000000),"") | X49: =IF(AND($A49<>"",F49<>"הושלם",F49<>"בוטל",OR(ISNUMBER(SEARCH("אריאל",D49)),D49="כל המשפחה")),IF(K49="",99999,K49)+ROW()/100000,"") | Y49: =IF(AND($A49<>"",F49<>"הושלם",F49<>"בוטל",OR(ISNUMBER(SEARCH("רינת",D49)),D49="כל המשפחה")),IF(K49="",99999,K49)+ROW()/100000,"") | Z49: =IF(AND($A49<>"",F49<>"הושלם",F49<>"בוטל",OR(ISNUMBER(SEARCH("תמר",D49)))),IF(K49="",99999,K49)+ROW()/100000,"") | AA49: =IF(AND($A49<>"",F49<>"הושלם",F49<>"בוטל",NOT(ISNUMBER(SEARCH("אריאל",D49))),NOT(ISNUMBER(SEARCH("רינת",D49))),NOT(ISNUMBER(SEARCH("תמר",D49))),D49<>"כל המשפחה"),IF(K49="",99999,K49)+ROW()/100000,"")
A50: T-080 | B50: 8 ריהוט | C50: שולחן ל-20, שזלונג, ספה נפתחת, כיסאות בר | D50: אריאל+רינת | E50: נמוכה | F50: לא התחיל | G50: =IF($A50="","",IF(AND(F50<>"הושלם",F50<>"בוטל",K50<>"",K50<Today_),"באיחור",IF(F50="","לא התחיל",F50))) | I50: =IF($A50="","",IF(H50<>"",H50,IF(F50="הושלם",1,IF(F50="בתהליך",0.5,IF(OR(F50="ממתין",F50="תקוע"),0.25,0))))) | J50: =IF(OR($A50="",O50=""),"",IF(AND(N50="K",KeyActual<>""),O50+(KeyActual-KeyA),IF(Scenario="B",IF(Q50="",O50,Q50),O50))) | K50: =IF(OR($A50="",P50=""),"",IF(AND(N50="K",KeyActual<>""),P50+(KeyActual-KeyA),IF(Scenario="B",IF(R50="",P50,R50),P50))) | L50: =IF(OR($A50="",K50=""),"",IF(OR(F50="הושלם",F50="בוטל"),"",K50-Today_)) | M50: T-051,T-058 | N50: K | O50: 46413 | P50: 46457 | Q50: 46448 | R50: 46492 | S50: רק אחרי מידות סופיות/חלונות | T50: procurement_list.md | U50: לא לרכוש לפני מידות | V50: =IF(AND($A50<>"",F50<>"הושלם",F50<>"בוטל",J50<>""),IF(J50<=Today_+14,IF(K50="",99999,K50)+ROW()/100000,""),"") | W50: =IFERROR(IF($A50="","",CHOOSE(MATCH(G50,{"לא התחיל","בתהליך","ממתין","תקוע","באיחור","הושלם","בוטל"},0),1,2,3,3,4,5,6)*100000+IF(K50="",99999,K50)+ROW()/1000000),"") | X50: =IF(AND($A50<>"",F50<>"הושלם",F50<>"בוטל",OR(ISNUMBER(SEARCH("אריאל",D50)),D50="כל המשפחה")),IF(K50="",99999,K50)+ROW()/100000,"") | Y50: =IF(AND($A50<>"",F50<>"הושלם",F50<>"בוטל",OR(ISNUMBER(SEARCH("רינת",D50)),D50="כל המשפחה")),IF(K50="",99999,K50)+ROW()/100000,"") | Z50: =IF(AND($A50<>"",F50<>"הושלם",F50<>"בוטל",OR(ISNUMBER(SEARCH("תמר",D50)))),IF(K50="",99999,K50)+ROW()/100000,"") | AA50: =IF(AND($A50<>"",F50<>"הושלם",F50<>"בוטל",NOT(ISNUMBER(SEARCH("אריאל",D50))),NOT(ISNUMBER(SEARCH("רינת",D50))),NOT(ISNUMBER(SEARCH("תמר",D50))),D50<>"כל המשפחה"),IF(K50="",99999,K50)+ROW()/100000,"")
A51: T-081 | B51: 8 ריהוט | C51: מקררים ומכשירי חשמל | D51: אריאל+רינת | E51: בינונית | F51: לא התחיל | G51: =IF($A51="","",IF(AND(F51<>"הושלם",F51<>"בוטל",K51<>"",K51<Today_),"באיחור",IF(F51="","לא התחיל",F51))) | I51: =IF($A51="","",IF(H51<>"",H51,IF(F51="הושלם",1,IF(F51="בתהליך",0.5,IF(OR(F51="ממתין",F51="תקוע"),0.25,0))))) | J51: =IF(OR($A51="",O51=""),"",IF(AND(N51="K",KeyActual<>""),O51+(KeyActual-KeyA),IF(Scenario="B",IF(Q51="",O51,Q51),O51))) | K51: =IF(OR($A51="",P51=""),"",IF(AND(N51="K",KeyActual<>""),P51+(KeyActual-KeyA),IF(Scenario="B",IF(R51="",P51,R51),P51))) | L51: =IF(OR($A51="",K51=""),"",IF(OR(F51="הושלם",F51="בוטל"),"",K51-Today_)) | M51: T-022 | N51: F | O51: 46348 | P51: 46376 | Q51: 46348 | R51: 46376 | S51: מידות לפני הזמנת מטבח | U51: הזמנה באישור | V51: =IF(AND($A51<>"",F51<>"הושלם",F51<>"בוטל",J51<>""),IF(J51<=Today_+14,IF(K51="",99999,K51)+ROW()/100000,""),"") | W51: =IFERROR(IF($A51="","",CHOOSE(MATCH(G51,{"לא התחיל","בתהליך","ממתין","תקוע","באיחור","הושלם","בוטל"},0),1,2,3,3,4,5,6)*100000+IF(K51="",99999,K51)+ROW()/1000000),"") | X51: =IF(AND($A51<>"",F51<>"הושלם",F51<>"בוטל",OR(ISNUMBER(SEARCH("אריאל",D51)),D51="כל המשפחה")),IF(K51="",99999,K51)+ROW()/100000,"") | Y51: =IF(AND($A51<>"",F51<>"הושלם",F51<>"בוטל",OR(ISNUMBER(SEARCH("רינת",D51)),D51="כל המשפחה")),IF(K51="",99999,K51)+ROW()/100000,"") | Z51: =IF(AND($A51<>"",F51<>"הושלם",F51<>"בוטל",OR(ISNUMBER(SEARCH("תמר",D51)))),IF(K51="",99999,K51)+ROW()/100000,"") | AA51: =IF(AND($A51<>"",F51<>"הושלם",F51<>"בוטל",NOT(ISNUMBER(SEARCH("אריאל",D51))),NOT(ISNUMBER(SEARCH("רינת",D51))),NOT(ISNUMBER(SEARCH("תמר",D51))),D51<>"כל המשפחה"),IF(K51="",99999,K51)+ROW()/100000,"")
A52: T-090 | B52: ניהול | C52: סטטוס שבועי + עדכון מאגרים | D52: תמר (בוט) | E52: בינונית | F52: לא התחיל | G52: =IF($A52="","",IF(AND(F52<>"הושלם",F52<>"בוטל",K52<>"",K52<Today_),"באיחור",IF(F52="","לא התחיל",F52))) | I52: =IF($A52="","",IF(H52<>"",H52,IF(F52="הושלם",1,IF(F52="בתהליך",0.5,IF(OR(F52="ממתין",F52="תקוע"),0.25,0))))) | J52: =IF(OR($A52="",O52=""),"",IF(AND(N52="K",KeyActual<>""),O52+(KeyActual-KeyA),IF(Scenario="B",IF(Q52="",O52,Q52),O52))) | K52: =IF(OR($A52="",P52=""),"",IF(AND(N52="K",KeyActual<>""),P52+(KeyActual-KeyA),IF(Scenario="B",IF(R52="",P52,R52),P52))) | L52: =IF(OR($A52="",K52=""),"",IF(OR(F52="הושלם",F52="בוטל"),"",K52-Today_)) | M52: — | N52: F | O52: 46310 | P52: 46477 | Q52: 46310 | R52: 46477 | S52: Decision Log, Open Questions, Risk, Budget | U52: כל שבוע | V52: =IF(AND($A52<>"",F52<>"הושלם",F52<>"בוטל",J52<>""),IF(J52<=Today_+14,IF(K52="",99999,K52)+ROW()/100000,""),"") | W52: =IFERROR(IF($A52="","",CHOOSE(MATCH(G52,{"לא התחיל","בתהליך","ממתין","תקוע","באיחור","הושלם","בוטל"},0),1,2,3,3,4,5,6)*100000+IF(K52="",99999,K52)+ROW()/1000000),"") | X52: =IF(AND($A52<>"",F52<>"הושלם",F52<>"בוטל",OR(ISNUMBER(SEARCH("אריאל",D52)),D52="כל המשפחה")),IF(K52="",99999,K52)+ROW()/100000,"") | Y52: =IF(AND($A52<>"",F52<>"הושלם",F52<>"בוטל",OR(ISNUMBER(SEARCH("רינת",D52)),D52="כל המשפחה")),IF(K52="",99999,K52)+ROW()/100000,"") | Z52: =IF(AND($A52<>"",F52<>"הושלם",F52<>"בוטל",OR(ISNUMBER(SEARCH("תמר",D52)))),IF(K52="",99999,K52)+ROW()/100000,"") | AA52: =IF(AND($A52<>"",F52<>"הושלם",F52<>"בוטל",NOT(ISNUMBER(SEARCH("אריאל",D52))),NOT(ISNUMBER(SEARCH("רינת",D52))),NOT(ISNUMBER(SEARCH("תמר",D52))),D52<>"כל המשפחה"),IF(K52="",99999,K52)+ROW()/100000,"")
A53: T-100 | B53: הכנה למעבר | C53: מסירת הדירה השכורה + החזר פיקדון/ערבות | D53: אריאל | E53: גבוהה | F53: לא התחיל | G53: =IF($A53="","",IF(AND(F53<>"הושלם",F53<>"בוטל",K53<>"",K53<Today_),"באיחור",IF(F53="","לא התחיל",F53))) | I53: =IF($A53="","",IF(H53<>"",H53,IF(F53="הושלם",1,IF(F53="בתהליך",0.5,IF(OR(F53="ממתין",F53="תקוע"),0.25,0))))) | J53: =IF(OR($A53="",O53=""),"",IF(AND(N53="K",KeyActual<>""),O53+(KeyActual-KeyA),IF(Scenario="B",IF(Q53="",O53,Q53),O53))) | K53: =IF(OR($A53="",P53=""),"",IF(AND(N53="K",KeyActual<>""),P53+(KeyActual-KeyA),IF(Scenario="B",IF(R53="",P53,R53),P53))) | L53: =IF(OR($A53="",K53=""),"",IF(OR(F53="הושלם",F53="בוטל"),"",K53-Today_)) | M53: T-060 | N53: F | O53: 46343 | P53: 46387 | Q53: 46343 | R53: 46387 | S53: צילום מצב, תיקונים, ניקיון, קריאת מונים, ניתוק/העברת חשבונות, החזר פיקדון/ערבות/צ'קים | T53: חוזה שכירות, פרוטוקול כניסה, ערבות | U53: לבדוק תנאי החזר בחוזה | V53: =IF(AND($A53<>"",F53<>"הושלם",F53<>"בוטל",J53<>""),IF(J53<=Today_+14,IF(K53="",99999,K53)+ROW()/100000,""),"") | W53: =IFERROR(IF($A53="","",CHOOSE(MATCH(G53,{"לא התחיל","בתהליך","ממתין","תקוע","באיחור","הושלם","בוטל"},0),1,2,3,3,4,5,6)*100000+IF(K53="",99999,K53)+ROW()/1000000),"") | X53: =IF(AND($A53<>"",F53<>"הושלם",F53<>"בוטל",OR(ISNUMBER(SEARCH("אריאל",D53)),D53="כל המשפחה")),IF(K53="",99999,K53)+ROW()/100000,"") | Y53: =IF(AND($A53<>"",F53<>"הושלם",F53<>"בוטל",OR(ISNUMBER(SEARCH("רינת",D53)),D53="כל המשפחה")),IF(K53="",99999,K53)+ROW()/100000,"") | Z53: =IF(AND($A53<>"",F53<>"הושלם",F53<>"בוטל",OR(ISNUMBER(SEARCH("תמר",D53)))),IF(K53="",99999,K53)+ROW()/100000,"") | AA53: =IF(AND($A53<>"",F53<>"הושלם",F53<>"בוטל",NOT(ISNUMBER(SEARCH("אריאל",D53))),NOT(ISNUMBER(SEARCH("רינת",D53))),NOT(ISNUMBER(SEARCH("תמר",D53))),D53<>"כל המשפחה"),IF(K53="",99999,K53)+ROW()/100000,"")
A54: T-101 | B54: הכנה למעבר | C54: שער החלטה: תרחיש A או B | D54: אריאל+רינת | E54: גבוהה | F54: לא התחיל | G54: =IF($A54="","",IF(AND(F54<>"הושלם",F54<>"בוטל",K54<>"",K54<Today_),"באיחור",IF(F54="","לא התחיל",F54))) | I54: =IF($A54="","",IF(H54<>"",H54,IF(F54="הושלם",1,IF(F54="בתהליך",0.5,IF(OR(F54="ממתין",F54="תקוע"),0.25,0))))) | J54: =IF(OR($A54="",O54=""),"",IF(AND(N54="K",KeyActual<>""),O54+(KeyActual-KeyA),IF(Scenario="B",IF(Q54="",O54,Q54),O54))) | K54: =IF(OR($A54="",P54=""),"",IF(AND(N54="K",KeyActual<>""),P54+(KeyActual-KeyA),IF(Scenario="B",IF(R54="",P54,R54),P54))) | L54: =IF(OR($A54="",K54=""),"",IF(OR(F54="הושלם",F54="בוטל"),"",K54-Today_)) | M54: T-004,T-060 | N54: F | O54: 46327 | P54: 46336 | Q54: 46327 | R54: 46336 | S54: לפי מועד המפתח המאושר מול תאריך הפינוי | T54: אישור בכתב על מועד מסירה | U54: מועד אחרון להחלטה (הנחה): ~3 שבועות לפני פינוי | V54: =IF(AND($A54<>"",F54<>"הושלם",F54<>"בוטל",J54<>""),IF(J54<=Today_+14,IF(K54="",99999,K54)+ROW()/100000,""),"") | W54: =IFERROR(IF($A54="","",CHOOSE(MATCH(G54,{"לא התחיל","בתהליך","ממתין","תקוע","באיחור","הושלם","בוטל"},0),1,2,3,3,4,5,6)*100000+IF(K54="",99999,K54)+ROW()/1000000),"") | X54: =IF(AND($A54<>"",F54<>"הושלם",F54<>"בוטל",OR(ISNUMBER(SEARCH("אריאל",D54)),D54="כל המשפחה")),IF(K54="",99999,K54)+ROW()/100000,"") | Y54: =IF(AND($A54<>"",F54<>"הושלם",F54<>"בוטל",OR(ISNUMBER(SEARCH("רינת",D54)),D54="כל המשפחה")),IF(K54="",99999,K54)+ROW()/100000,"") | Z54: =IF(AND($A54<>"",F54<>"הושלם",F54<>"בוטל",OR(ISNUMBER(SEARCH("תמר",D54)))),IF(K54="",99999,K54)+ROW()/100000,"") | AA54: =IF(AND($A54<>"",F54<>"הושלם",F54<>"בוטל",NOT(ISNUMBER(SEARCH("אריאל",D54))),NOT(ISNUMBER(SEARCH("רינת",D54))),NOT(ISNUMBER(SEARCH("תמר",D54))),D54<>"כל המשפחה"),IF(K54="",99999,K54)+ROW()/100000,"")
A55: T-110 | B55: A: מגורים בזמן שיפוץ | C55: הגדרת מינימום למגורים לפני כניסה | D55: אריאל+רינת+קבלן | E55: גבוהה | F55: לא התחיל | G55: =IF($A55="","",IF(AND(F55<>"הושלם",F55<>"בוטל",K55<>"",K55<Today_),"באיחור",IF(F55="","לא התחיל",F55))) | I55: =IF($A55="","",IF(H55<>"",H55,IF(F55="הושלם",1,IF(F55="בתהליך",0.5,IF(OR(F55="ממתין",F55="תקוע"),0.25,0))))) | J55: =IF(OR($A55="",O55=""),"",IF(AND(N55="K",KeyActual<>""),O55+(KeyActual-KeyA),IF(Scenario="B",IF(Q55="",O55,Q55),O55))) | K55: =IF(OR($A55="",P55=""),"",IF(AND(N55="K",KeyActual<>""),P55+(KeyActual-KeyA),IF(Scenario="B",IF(R55="",P55,R55),P55))) | L55: =IF(OR($A55="",K55=""),"",IF(OR(F55="הושלם",F55="בוטל"),"",K55-Today_)) | M55: T-002,T-050 | N55: F | O55: 46336 | P55: 46351 | Q55: 46336 | R55: 46351 | S55: חדר רחצה תקין אחד, מטבח זמני, חדרי שינה, בטיחות (חשמל, מעקות, גלאי עשן), הפרדת אבק, מקום לתכולה | T55: תוכנית שלבים מהקבלן | U55: תנאי כניסה | V55: =IF(AND($A55<>"",F55<>"הושלם",F55<>"בוטל",J55<>""),IF(J55<=Today_+14,IF(K55="",99999,K55)+ROW()/100000,""),"") | W55: =IFERROR(IF($A55="","",CHOOSE(MATCH(G55,{"לא התחיל","בתהליך","ממתין","תקוע","באיחור","הושלם","בוטל"},0),1,2,3,3,4,5,6)*100000+IF(K55="",99999,K55)+ROW()/1000000),"") | X55: =IF(AND($A55<>"",F55<>"הושלם",F55<>"בוטל",OR(ISNUMBER(SEARCH("אריאל",D55)),D55="כל המשפחה")),IF(K55="",99999,K55)+ROW()/100000,"") | Y55: =IF(AND($A55<>"",F55<>"הושלם",F55<>"בוטל",OR(ISNUMBER(SEARCH("רינת",D55)),D55="כל המשפחה")),IF(K55="",99999,K55)+ROW()/100000,"") | Z55: =IF(AND($A55<>"",F55<>"הושלם",F55<>"בוטל",OR(ISNUMBER(SEARCH("תמר",D55)))),IF(K55="",99999,K55)+ROW()/100000,"") | AA55: =IF(AND($A55<>"",F55<>"הושלם",F55<>"בוטל",NOT(ISNUMBER(SEARCH("אריאל",D55))),NOT(ISNUMBER(SEARCH("רינת",D55))),NOT(ISNUMBER(SEARCH("תמר",D55))),D55<>"כל המשפחה"),IF(K55="",99999,K55)+ROW()/100000,"")
A56: T-111 | B56: A: מגורים בזמן שיפוץ | C56: מטבח זמני | D56: רינת | E56: בינונית | F56: לא התחיל | G56: =IF($A56="","",IF(AND(F56<>"הושלם",F56<>"בוטל",K56<>"",K56<Today_),"באיחור",IF(F56="","לא התחיל",F56))) | I56: =IF($A56="","",IF(H56<>"",H56,IF(F56="הושלם",1,IF(F56="בתהליך",0.5,IF(OR(F56="ממתין",F56="תקוע"),0.25,0))))) | J56: =IF(OR($A56="",O56=""),"",IF(AND(N56="K",KeyActual<>""),O56+(KeyActual-KeyA),IF(Scenario="B",IF(Q56="",O56,Q56),O56))) | K56: =IF(OR($A56="",P56=""),"",IF(AND(N56="K",KeyActual<>""),P56+(KeyActual-KeyA),IF(Scenario="B",IF(R56="",P56,R56),P56))) | L56: =IF(OR($A56="",K56=""),"",IF(OR(F56="הושלם",F56="בוטל"),"",K56-Today_)) | M56: T-110 | N56: F | O56: 46346 | P56: 46356 | Q56: 46346 | R56: 46356 | S56: מקרר, משטח, כיור/מים, כיריים חשמליות | U56: עד התקנת המטבח | V56: =IF(AND($A56<>"",F56<>"הושלם",F56<>"בוטל",J56<>""),IF(J56<=Today_+14,IF(K56="",99999,K56)+ROW()/100000,""),"") | W56: =IFERROR(IF($A56="","",CHOOSE(MATCH(G56,{"לא התחיל","בתהליך","ממתין","תקוע","באיחור","הושלם","בוטל"},0),1,2,3,3,4,5,6)*100000+IF(K56="",99999,K56)+ROW()/1000000),"") | X56: =IF(AND($A56<>"",F56<>"הושלם",F56<>"בוטל",OR(ISNUMBER(SEARCH("אריאל",D56)),D56="כל המשפחה")),IF(K56="",99999,K56)+ROW()/100000,"") | Y56: =IF(AND($A56<>"",F56<>"הושלם",F56<>"בוטל",OR(ISNUMBER(SEARCH("רינת",D56)),D56="כל המשפחה")),IF(K56="",99999,K56)+ROW()/100000,"") | Z56: =IF(AND($A56<>"",F56<>"הושלם",F56<>"בוטל",OR(ISNUMBER(SEARCH("תמר",D56)))),IF(K56="",99999,K56)+ROW()/100000,"") | AA56: =IF(AND($A56<>"",F56<>"הושלם",F56<>"בוטל",NOT(ISNUMBER(SEARCH("אריאל",D56))),NOT(ISNUMBER(SEARCH("רינת",D56))),NOT(ISNUMBER(SEARCH("תמר",D56))),D56<>"כל המשפחה"),IF(K56="",99999,K56)+ROW()/100000,"")
A57: T-112 | B57: A: מגורים בזמן שיפוץ | C57: אחסון תכולה: מכולה/מחסן | D57: אריאל | E57: בינונית | F57: לא התחיל | G57: =IF($A57="","",IF(AND(F57<>"הושלם",F57<>"בוטל",K57<>"",K57<Today_),"באיחור",IF(F57="","לא התחיל",F57))) | I57: =IF($A57="","",IF(H57<>"",H57,IF(F57="הושלם",1,IF(F57="בתהליך",0.5,IF(OR(F57="ממתין",F57="תקוע"),0.25,0))))) | J57: =IF(OR($A57="",O57=""),"",IF(AND(N57="K",KeyActual<>""),O57+(KeyActual-KeyA),IF(Scenario="B",IF(Q57="",O57,Q57),O57))) | K57: =IF(OR($A57="",P57=""),"",IF(AND(N57="K",KeyActual<>""),P57+(KeyActual-KeyA),IF(Scenario="B",IF(R57="",P57,R57),P57))) | L57: =IF(OR($A57="",K57=""),"",IF(OR(F57="הושלם",F57="בוטל"),"",K57-Today_)) | M57: T-110 | N57: F | O57: 46341 | P57: 46354 | Q57: 46341 | R57: 46354 | S57: מכולה בחצר או מחסן חיצוני; כיסוי ביטוחי | T57: מקום פנוי בחצר | U57: הצעות באישור | V57: =IF(AND($A57<>"",F57<>"הושלם",F57<>"בוטל",J57<>""),IF(J57<=Today_+14,IF(K57="",99999,K57)+ROW()/100000,""),"") | W57: =IFERROR(IF($A57="","",CHOOSE(MATCH(G57,{"לא התחיל","בתהליך","ממתין","תקוע","באיחור","הושלם","בוטל"},0),1,2,3,3,4,5,6)*100000+IF(K57="",99999,K57)+ROW()/1000000),"") | X57: =IF(AND($A57<>"",F57<>"הושלם",F57<>"בוטל",OR(ISNUMBER(SEARCH("אריאל",D57)),D57="כל המשפחה")),IF(K57="",99999,K57)+ROW()/100000,"") | Y57: =IF(AND($A57<>"",F57<>"הושלם",F57<>"בוטל",OR(ISNUMBER(SEARCH("רינת",D57)),D57="כל המשפחה")),IF(K57="",99999,K57)+ROW()/100000,"") | Z57: =IF(AND($A57<>"",F57<>"הושלם",F57<>"בוטל",OR(ISNUMBER(SEARCH("תמר",D57)))),IF(K57="",99999,K57)+ROW()/100000,"") | AA57: =IF(AND($A57<>"",F57<>"הושלם",F57<>"בוטל",NOT(ISNUMBER(SEARCH("אריאל",D57))),NOT(ISNUMBER(SEARCH("רינת",D57))),NOT(ISNUMBER(SEARCH("תמר",D57))),D57<>"כל המשפחה"),IF(K57="",99999,K57)+ROW()/100000,"")
A58: T-113 | B58: A: מגורים בזמן שיפוץ | C58: שלביות חדר-אחר-חדר | D58: קבלן+אריאל | E58: בינונית | F58: לא התחיל | G58: =IF($A58="","",IF(AND(F58<>"הושלם",F58<>"בוטל",K58<>"",K58<Today_),"באיחור",IF(F58="","לא התחיל",F58))) | I58: =IF($A58="","",IF(H58<>"",H58,IF(F58="הושלם",1,IF(F58="בתהליך",0.5,IF(OR(F58="ממתין",F58="תקוע"),0.25,0))))) | J58: =IF(OR($A58="",O58=""),"",IF(AND(N58="K",KeyActual<>""),O58+(KeyActual-KeyA),IF(Scenario="B",IF(Q58="",O58,Q58),O58))) | K58: =IF(OR($A58="",P58=""),"",IF(AND(N58="K",KeyActual<>""),P58+(KeyActual-KeyA),IF(Scenario="B",IF(R58="",P58,R58),P58))) | L58: =IF(OR($A58="",K58=""),"",IF(OR(F58="הושלם",F58="בוטל"),"",K58-Today_)) | M58: T-031 | N58: K | O58: 46350 | P58: 46364 | Q58: 46385 | R58: 46399 | S58: חלוקה לאזורי עבודה: קודם חלונות/מערכות, אזור מגורים סגור באבק; לסכם בחוזה | T58: כתב כמויות | U58: להכניס לחוזה | V58: =IF(AND($A58<>"",F58<>"הושלם",F58<>"בוטל",J58<>""),IF(J58<=Today_+14,IF(K58="",99999,K58)+ROW()/100000,""),"") | W58: =IFERROR(IF($A58="","",CHOOSE(MATCH(G58,{"לא התחיל","בתהליך","ממתין","תקוע","באיחור","הושלם","בוטל"},0),1,2,3,3,4,5,6)*100000+IF(K58="",99999,K58)+ROW()/1000000),"") | X58: =IF(AND($A58<>"",F58<>"הושלם",F58<>"בוטל",OR(ISNUMBER(SEARCH("אריאל",D58)),D58="כל המשפחה")),IF(K58="",99999,K58)+ROW()/100000,"") | Y58: =IF(AND($A58<>"",F58<>"הושלם",F58<>"בוטל",OR(ISNUMBER(SEARCH("רינת",D58)),D58="כל המשפחה")),IF(K58="",99999,K58)+ROW()/100000,"") | Z58: =IF(AND($A58<>"",F58<>"הושלם",F58<>"בוטל",OR(ISNUMBER(SEARCH("תמר",D58)))),IF(K58="",99999,K58)+ROW()/100000,"") | AA58: =IF(AND($A58<>"",F58<>"הושלם",F58<>"בוטל",NOT(ISNUMBER(SEARCH("אריאל",D58))),NOT(ISNUMBER(SEARCH("רינת",D58))),NOT(ISNUMBER(SEARCH("תמר",D58))),D58<>"כל המשפחה"),IF(K58="",99999,K58)+ROW()/100000,"")
A59: T-114 | B59: A: מגורים בזמן שיפוץ | C59: שעות עבודה ורעש + שכנים | D59: קבלן+אריאל | E59: בינונית | F59: לא התחיל | G59: =IF($A59="","",IF(AND(F59<>"הושלם",F59<>"בוטל",K59<>"",K59<Today_),"באיחור",IF(F59="","לא התחיל",F59))) | I59: =IF($A59="","",IF(H59<>"",H59,IF(F59="הושלם",1,IF(F59="בתהליך",0.5,IF(OR(F59="ממתין",F59="תקוע"),0.25,0))))) | J59: =IF(OR($A59="",O59=""),"",IF(AND(N59="K",KeyActual<>""),O59+(KeyActual-KeyA),IF(Scenario="B",IF(Q59="",O59,Q59),O59))) | K59: =IF(OR($A59="",P59=""),"",IF(AND(N59="K",KeyActual<>""),P59+(KeyActual-KeyA),IF(Scenario="B",IF(R59="",P59,R59),P59))) | L59: =IF(OR($A59="",K59=""),"",IF(OR(F59="הושלם",F59="בוטל"),"",K59-Today_)) | M59: T-113 | N59: K | O59: 46357 | P59: 46364 | Q59: 46392 | R59: 46399 | S59: שעות עבודה, ימים שקטים, עדכון שכנים (הורביץ) | U59: תקנות רעש — לאמת | V59: =IF(AND($A59<>"",F59<>"הושלם",F59<>"בוטל",J59<>""),IF(J59<=Today_+14,IF(K59="",99999,K59)+ROW()/100000,""),"") | W59: =IFERROR(IF($A59="","",CHOOSE(MATCH(G59,{"לא התחיל","בתהליך","ממתין","תקוע","באיחור","הושלם","בוטל"},0),1,2,3,3,4,5,6)*100000+IF(K59="",99999,K59)+ROW()/1000000),"") | X59: =IF(AND($A59<>"",F59<>"הושלם",F59<>"בוטל",OR(ISNUMBER(SEARCH("אריאל",D59)),D59="כל המשפחה")),IF(K59="",99999,K59)+ROW()/100000,"") | Y59: =IF(AND($A59<>"",F59<>"הושלם",F59<>"בוטל",OR(ISNUMBER(SEARCH("רינת",D59)),D59="כל המשפחה")),IF(K59="",99999,K59)+ROW()/100000,"") | Z59: =IF(AND($A59<>"",F59<>"הושלם",F59<>"בוטל",OR(ISNUMBER(SEARCH("תמר",D59)))),IF(K59="",99999,K59)+ROW()/100000,"") | AA59: =IF(AND($A59<>"",F59<>"הושלם",F59<>"בוטל",NOT(ISNUMBER(SEARCH("אריאל",D59))),NOT(ISNUMBER(SEARCH("רינת",D59))),NOT(ISNUMBER(SEARCH("תמר",D59))),D59<>"כל המשפחה"),IF(K59="",99999,K59)+ROW()/100000,"")
A60: T-115 | B60: A: מגורים בזמן שיפוץ | C60: תשתיות ביום 1 | D60: אריאל | E60: בינונית | F60: לא התחיל | G60: =IF($A60="","",IF(AND(F60<>"הושלם",F60<>"בוטל",K60<>"",K60<Today_),"באיחור",IF(F60="","לא התחיל",F60))) | I60: =IF($A60="","",IF(H60<>"",H60,IF(F60="הושלם",1,IF(F60="בתהליך",0.5,IF(OR(F60="ממתין",F60="תקוע"),0.25,0))))) | J60: =IF(OR($A60="",O60=""),"",IF(AND(N60="K",KeyActual<>""),O60+(KeyActual-KeyA),IF(Scenario="B",IF(Q60="",O60,Q60),O60))) | K60: =IF(OR($A60="",P60=""),"",IF(AND(N60="K",KeyActual<>""),P60+(KeyActual-KeyA),IF(Scenario="B",IF(R60="",P60,R60),P60))) | L60: =IF(OR($A60="",K60=""),"",IF(OR(F60="הושלם",F60="בוטל"),"",K60-Today_)) | M60: T-063,T-064,T-065,T-066 | N60: K | O60: 46343 | P60: 46357 | Q60: 46378 | R60: 46392 | S60: חשמל, מים, גז, אינטרנט פעילים ביום הכניסה (T-063–T-066) | U60: לתאם מראש | V60: =IF(AND($A60<>"",F60<>"הושלם",F60<>"בוטל",J60<>""),IF(J60<=Today_+14,IF(K60="",99999,K60)+ROW()/100000,""),"") | W60: =IFERROR(IF($A60="","",CHOOSE(MATCH(G60,{"לא התחיל","בתהליך","ממתין","תקוע","באיחור","הושלם","בוטל"},0),1,2,3,3,4,5,6)*100000+IF(K60="",99999,K60)+ROW()/1000000),"") | X60: =IF(AND($A60<>"",F60<>"הושלם",F60<>"בוטל",OR(ISNUMBER(SEARCH("אריאל",D60)),D60="כל המשפחה")),IF(K60="",99999,K60)+ROW()/100000,"") | Y60: =IF(AND($A60<>"",F60<>"הושלם",F60<>"בוטל",OR(ISNUMBER(SEARCH("רינת",D60)),D60="כל המשפחה")),IF(K60="",99999,K60)+ROW()/100000,"") | Z60: =IF(AND($A60<>"",F60<>"הושלם",F60<>"בוטל",OR(ISNUMBER(SEARCH("תמר",D60)))),IF(K60="",99999,K60)+ROW()/100000,"") | AA60: =IF(AND($A60<>"",F60<>"הושלם",F60<>"בוטל",NOT(ISNUMBER(SEARCH("אריאל",D60))),NOT(ISNUMBER(SEARCH("רינת",D60))),NOT(ISNUMBER(SEARCH("תמר",D60))),D60<>"כל המשפחה"),IF(K60="",99999,K60)+ROW()/100000,"")
A61: T-116 | B61: A: מגורים בזמן שיפוץ | C61: מיזוג/חימום בעדיפות לחורף | D61: מתקין מיזוג | E61: בינונית | F61: לא התחיל | G61: =IF($A61="","",IF(AND(F61<>"הושלם",F61<>"בוטל",K61<>"",K61<Today_),"באיחור",IF(F61="","לא התחיל",F61))) | I61: =IF($A61="","",IF(H61<>"",H61,IF(F61="הושלם",1,IF(F61="בתהליך",0.5,IF(OR(F61="ממתין",F61="תקוע"),0.25,0))))) | J61: =IF(OR($A61="",O61=""),"",IF(AND(N61="K",KeyActual<>""),O61+(KeyActual-KeyA),IF(Scenario="B",IF(Q61="",O61,Q61),O61))) | K61: =IF(OR($A61="",P61=""),"",IF(AND(N61="K",KeyActual<>""),P61+(KeyActual-KeyA),IF(Scenario="B",IF(R61="",P61,R61),P61))) | L61: =IF(OR($A61="",K61=""),"",IF(OR(F61="הושלם",F61="בוטל"),"",K61-Today_)) | M61: T-042 | N61: K | O61: 46357 | P61: 46371 | Q61: 46392 | R61: 46406 | S61: להתקין קודם בחדרי שינה/סלון; חלופה: מפזרי חום זמניים | T61: T-040/41 | U61: משנה את T-043/44 | V61: =IF(AND($A61<>"",F61<>"הושלם",F61<>"בוטל",J61<>""),IF(J61<=Today_+14,IF(K61="",99999,K61)+ROW()/100000,""),"") | W61: =IFERROR(IF($A61="","",CHOOSE(MATCH(G61,{"לא התחיל","בתהליך","ממתין","תקוע","באיחור","הושלם","בוטל"},0),1,2,3,3,4,5,6)*100000+IF(K61="",99999,K61)+ROW()/1000000),"") | X61: =IF(AND($A61<>"",F61<>"הושלם",F61<>"בוטל",OR(ISNUMBER(SEARCH("אריאל",D61)),D61="כל המשפחה")),IF(K61="",99999,K61)+ROW()/100000,"") | Y61: =IF(AND($A61<>"",F61<>"הושלם",F61<>"בוטל",OR(ISNUMBER(SEARCH("רינת",D61)),D61="כל המשפחה")),IF(K61="",99999,K61)+ROW()/100000,"") | Z61: =IF(AND($A61<>"",F61<>"הושלם",F61<>"בוטל",OR(ISNUMBER(SEARCH("תמר",D61)))),IF(K61="",99999,K61)+ROW()/100000,"") | AA61: =IF(AND($A61<>"",F61<>"הושלם",F61<>"בוטל",NOT(ISNUMBER(SEARCH("אריאל",D61))),NOT(ISNUMBER(SEARCH("רינת",D61))),NOT(ISNUMBER(SEARCH("תמר",D61))),D61<>"כל המשפחה"),IF(K61="",99999,K61)+ROW()/100000,"")
A62: T-120 | B62: B: מגורי ביניים | C62: איתור מגורי ביניים ~חודש | D62: אריאל+רינת | E62: בינונית | F62: לא התחיל | G62: =IF($A62="","",IF(AND(F62<>"הושלם",F62<>"בוטל",K62<>"",K62<Today_),"באיחור",IF(F62="","לא התחיל",F62))) | I62: =IF($A62="","",IF(H62<>"",H62,IF(F62="הושלם",1,IF(F62="בתהליך",0.5,IF(OR(F62="ממתין",F62="תקוע"),0.25,0))))) | J62: =IF(OR($A62="",O62=""),"",IF(AND(N62="K",KeyActual<>""),O62+(KeyActual-KeyA),IF(Scenario="B",IF(Q62="",O62,Q62),O62))) | K62: =IF(OR($A62="",P62=""),"",IF(AND(N62="K",KeyActual<>""),P62+(KeyActual-KeyA),IF(Scenario="B",IF(R62="",P62,R62),P62))) | L62: =IF(OR($A62="",K62=""),"",IF(OR(F62="הושלם",F62="בוטל"),"",K62-Today_)) | M62: T-060 | N62: F | O62: 46308 | P62: 46336 | Q62: 46308 | R62: 46336 | S62: אפשרויות: משפחה, השכרה לטווח קצר, הארכה עם בעל הדירה | T62: תאריך פינוי, תאריך מפתח צפוי | U62: חלופה אם המפתח בינואר | V62: =IF(AND($A62<>"",F62<>"הושלם",F62<>"בוטל",J62<>""),IF(J62<=Today_+14,IF(K62="",99999,K62)+ROW()/100000,""),"") | W62: =IFERROR(IF($A62="","",CHOOSE(MATCH(G62,{"לא התחיל","בתהליך","ממתין","תקוע","באיחור","הושלם","בוטל"},0),1,2,3,3,4,5,6)*100000+IF(K62="",99999,K62)+ROW()/1000000),"") | X62: =IF(AND($A62<>"",F62<>"הושלם",F62<>"בוטל",OR(ISNUMBER(SEARCH("אריאל",D62)),D62="כל המשפחה")),IF(K62="",99999,K62)+ROW()/100000,"") | Y62: =IF(AND($A62<>"",F62<>"הושלם",F62<>"בוטל",OR(ISNUMBER(SEARCH("רינת",D62)),D62="כל המשפחה")),IF(K62="",99999,K62)+ROW()/100000,"") | Z62: =IF(AND($A62<>"",F62<>"הושלם",F62<>"בוטל",OR(ISNUMBER(SEARCH("תמר",D62)))),IF(K62="",99999,K62)+ROW()/100000,"") | AA62: =IF(AND($A62<>"",F62<>"הושלם",F62<>"בוטל",NOT(ISNUMBER(SEARCH("אריאל",D62))),NOT(ISNUMBER(SEARCH("רינת",D62))),NOT(ISNUMBER(SEARCH("תמר",D62))),D62<>"כל המשפחה"),IF(K62="",99999,K62)+ROW()/100000,"")
A63: T-121 | B63: B: מגורי ביניים | C63: אחסון רהיטים ותכולה | D63: רינת | E63: בינונית | F63: לא התחיל | G63: =IF($A63="","",IF(AND(F63<>"הושלם",F63<>"בוטל",K63<>"",K63<Today_),"באיחור",IF(F63="","לא התחיל",F63))) | I63: =IF($A63="","",IF(H63<>"",H63,IF(F63="הושלם",1,IF(F63="בתהליך",0.5,IF(OR(F63="ממתין",F63="תקוע"),0.25,0))))) | J63: =IF(OR($A63="",O63=""),"",IF(AND(N63="K",KeyActual<>""),O63+(KeyActual-KeyA),IF(Scenario="B",IF(Q63="",O63,Q63),O63))) | K63: =IF(OR($A63="",P63=""),"",IF(AND(N63="K",KeyActual<>""),P63+(KeyActual-KeyA),IF(Scenario="B",IF(R63="",P63,R63),P63))) | L63: =IF(OR($A63="",K63=""),"",IF(OR(F63="הושלם",F63="בוטל"),"",K63-Today_)) | M63: T-120 | N63: F | O63: 46320 | P63: 46341 | Q63: 46320 | R63: 46341 | S63: מחסן להשכרה/מכולה לחודש-חודשיים | T63: נפח תכולה מהמובילים | U63: הצעות באישור | V63: =IF(AND($A63<>"",F63<>"הושלם",F63<>"בוטל",J63<>""),IF(J63<=Today_+14,IF(K63="",99999,K63)+ROW()/100000,""),"") | W63: =IFERROR(IF($A63="","",CHOOSE(MATCH(G63,{"לא התחיל","בתהליך","ממתין","תקוע","באיחור","הושלם","בוטל"},0),1,2,3,3,4,5,6)*100000+IF(K63="",99999,K63)+ROW()/1000000),"") | X63: =IF(AND($A63<>"",F63<>"הושלם",F63<>"בוטל",OR(ISNUMBER(SEARCH("אריאל",D63)),D63="כל המשפחה")),IF(K63="",99999,K63)+ROW()/100000,"") | Y63: =IF(AND($A63<>"",F63<>"הושלם",F63<>"בוטל",OR(ISNUMBER(SEARCH("רינת",D63)),D63="כל המשפחה")),IF(K63="",99999,K63)+ROW()/100000,"") | Z63: =IF(AND($A63<>"",F63<>"הושלם",F63<>"בוטל",OR(ISNUMBER(SEARCH("תמר",D63)))),IF(K63="",99999,K63)+ROW()/100000,"") | AA63: =IF(AND($A63<>"",F63<>"הושלם",F63<>"בוטל",NOT(ISNUMBER(SEARCH("אריאל",D63))),NOT(ISNUMBER(SEARCH("רינת",D63))),NOT(ISNUMBER(SEARCH("תמר",D63))),D63<>"כל המשפחה"),IF(K63="",99999,K63)+ROW()/100000,"")
A64: T-122 | B64: B: מגורי ביניים | C64: עלויות מעבר כפול לתקציב | D64: אריאל | E64: בינונית | F64: לא התחיל | G64: =IF($A64="","",IF(AND(F64<>"הושלם",F64<>"בוטל",K64<>"",K64<Today_),"באיחור",IF(F64="","לא התחיל",F64))) | I64: =IF($A64="","",IF(H64<>"",H64,IF(F64="הושלם",1,IF(F64="בתהליך",0.5,IF(OR(F64="ממתין",F64="תקוע"),0.25,0))))) | J64: =IF(OR($A64="",O64=""),"",IF(AND(N64="K",KeyActual<>""),O64+(KeyActual-KeyA),IF(Scenario="B",IF(Q64="",O64,Q64),O64))) | K64: =IF(OR($A64="",P64=""),"",IF(AND(N64="K",KeyActual<>""),P64+(KeyActual-KeyA),IF(Scenario="B",IF(R64="",P64,R64),P64))) | L64: =IF(OR($A64="",K64=""),"",IF(OR(F64="הושלם",F64="בוטל"),"",K64-Today_)) | M64: T-061,T-121 | N64: F | O64: 46327 | P64: 46336 | Q64: 46327 | R64: 46336 | S64: הובלה×2, אחסון, שכירות ביניים — להוסיף ל-Budget Tracker | T64: הצעות | U64: לא ידוע — עד הצעות | V64: =IF(AND($A64<>"",F64<>"הושלם",F64<>"בוטל",J64<>""),IF(J64<=Today_+14,IF(K64="",99999,K64)+ROW()/100000,""),"") | W64: =IFERROR(IF($A64="","",CHOOSE(MATCH(G64,{"לא התחיל","בתהליך","ממתין","תקוע","באיחור","הושלם","בוטל"},0),1,2,3,3,4,5,6)*100000+IF(K64="",99999,K64)+ROW()/1000000),"") | X64: =IF(AND($A64<>"",F64<>"הושלם",F64<>"בוטל",OR(ISNUMBER(SEARCH("אריאל",D64)),D64="כל המשפחה")),IF(K64="",99999,K64)+ROW()/100000,"") | Y64: =IF(AND($A64<>"",F64<>"הושלם",F64<>"בוטל",OR(ISNUMBER(SEARCH("רינת",D64)),D64="כל המשפחה")),IF(K64="",99999,K64)+ROW()/100000,"") | Z64: =IF(AND($A64<>"",F64<>"הושלם",F64<>"בוטל",OR(ISNUMBER(SEARCH("תמר",D64)))),IF(K64="",99999,K64)+ROW()/100000,"") | AA64: =IF(AND($A64<>"",F64<>"הושלם",F64<>"בוטל",NOT(ISNUMBER(SEARCH("אריאל",D64))),NOT(ISNUMBER(SEARCH("רינת",D64))),NOT(ISNUMBER(SEARCH("תמר",D64))),D64<>"כל המשפחה"),IF(K64="",99999,K64)+ROW()/100000,"")
A65: T-123 | B65: B: מגורי ביניים | C65: מעבר מביניים לבית | D65: מובילים | E65: בינונית | F65: לא התחיל | G65: =IF($A65="","",IF(AND(F65<>"הושלם",F65<>"בוטל",K65<>"",K65<Today_),"באיחור",IF(F65="","לא התחיל",F65))) | I65: =IF($A65="","",IF(H65<>"",H65,IF(F65="הושלם",1,IF(F65="בתהליך",0.5,IF(OR(F65="ממתין",F65="תקוע"),0.25,0))))) | J65: =IF(OR($A65="",O65=""),"",IF(AND(N65="K",KeyActual<>""),O65+(KeyActual-KeyA),IF(Scenario="B",IF(Q65="",O65,Q65),O65))) | K65: =IF(OR($A65="",P65=""),"",IF(AND(N65="K",KeyActual<>""),P65+(KeyActual-KeyA),IF(Scenario="B",IF(R65="",P65,R65),P65))) | L65: =IF(OR($A65="",K65=""),"",IF(OR(F65="הושלם",F65="בוטל"),"",K65-Today_)) | M65: T-121 | N65: K | O65: 46360 | P65: 46367 | Q65: 46395 | R65: 46402 | S65: אחרי מפתח; תשתיות יום 1 כמו T-115 | U65: רק בתרחיש B | V65: =IF(AND($A65<>"",F65<>"הושלם",F65<>"בוטל",J65<>""),IF(J65<=Today_+14,IF(K65="",99999,K65)+ROW()/100000,""),"") | W65: =IFERROR(IF($A65="","",CHOOSE(MATCH(G65,{"לא התחיל","בתהליך","ממתין","תקוע","באיחור","הושלם","בוטל"},0),1,2,3,3,4,5,6)*100000+IF(K65="",99999,K65)+ROW()/1000000),"") | X65: =IF(AND($A65<>"",F65<>"הושלם",F65<>"בוטל",OR(ISNUMBER(SEARCH("אריאל",D65)),D65="כל המשפחה")),IF(K65="",99999,K65)+ROW()/100000,"") | Y65: =IF(AND($A65<>"",F65<>"הושלם",F65<>"בוטל",OR(ISNUMBER(SEARCH("רינת",D65)),D65="כל המשפחה")),IF(K65="",99999,K65)+ROW()/100000,"") | Z65: =IF(AND($A65<>"",F65<>"הושלם",F65<>"בוטל",OR(ISNUMBER(SEARCH("תמר",D65)))),IF(K65="",99999,K65)+ROW()/100000,"") | AA65: =IF(AND($A65<>"",F65<>"הושלם",F65<>"בוטל",NOT(ISNUMBER(SEARCH("אריאל",D65))),NOT(ISNUMBER(SEARCH("רינת",D65))),NOT(ISNUMBER(SEARCH("תמר",D65))),D65<>"כל המשפחה"),IF(K65="",99999,K65)+ROW()/100000,"")
G66: =IF($A66="","",IF(AND(F66<>"הושלם",F66<>"בוטל",K66<>"",K66<Today_),"באיחור",IF(F66="","לא התחיל",F66))) | I66: =IF($A66="","",IF(H66<>"",H66,IF(F66="הושלם",1,IF(F66="בתהליך",0.5,IF(OR(F66="ממתין",F66="תקוע"),0.25,0))))) | J66: =IF(OR($A66="",O66=""),"",IF(AND(N66="K",KeyActual<>""),O66+(KeyActual-KeyA),IF(Scenario="B",IF(Q66="",O66,Q66),O66))) | K66: =IF(OR($A66="",P66=""),"",IF(AND(N66="K",KeyActual<>""),P66+(KeyActual-KeyA),IF(Scenario="B",IF(R66="",P66,R66),P66))) | L66: =IF(OR($A66="",K66=""),"",IF(OR(F66="הושלם",F66="בוטל"),"",K66-Today_)) | V66: =IF(AND($A66<>"",F66<>"הושלם",F66<>"בוטל",J66<>""),IF(J66<=Today_+14,IF(K66="",99999,K66)+ROW()/100000,""),"") | W66: =IFERROR(IF($A66="","",CHOOSE(MATCH(G66,{"לא התחיל","בתהליך","ממתין","תקוע","באיחור","הושלם","בוטל"},0),1,2,3,3,4,5,6)*100000+IF(K66="",99999,K66)+ROW()/1000000),"") | X66: =IF(AND($A66<>"",F66<>"הושלם",F66<>"בוטל",OR(ISNUMBER(SEARCH("אריאל",D66)),D66="כל המשפחה")),IF(K66="",99999,K66)+ROW()/100000,"") | Y66: =IF(AND($A66<>"",F66<>"הושלם",F66<>"בוטל",OR(ISNUMBER(SEARCH("רינת",D66)),D66="כל המשפחה")),IF(K66="",99999,K66)+ROW()/100000,"") | Z66: =IF(AND($A66<>"",F66<>"הושלם",F66<>"בוטל",OR(ISNUMBER(SEARCH("תמר",D66)))),IF(K66="",99999,K66)+ROW()/100000,"") | AA66: =IF(AND($A66<>"",F66<>"הושלם",F66<>"בוטל",NOT(ISNUMBER(SEARCH("אריאל",D66))),NOT(ISNUMBER(SEARCH("רינת",D66))),NOT(ISNUMBER(SEARCH("תמר",D66))),D66<>"כל המשפחה"),IF(K66="",99999,K66)+ROW()/100000,"")
G67: =IF($A67="","",IF(AND(F67<>"הושלם",F67<>"בוטל",K67<>"",K67<Today_),"באיחור",IF(F67="","לא התחיל",F67))) | I67: =IF($A67="","",IF(H67<>"",H67,IF(F67="הושלם",1,IF(F67="בתהליך",0.5,IF(OR(F67="ממתין",F67="תקוע"),0.25,0))))) | J67: =IF(OR($A67="",O67=""),"",IF(AND(N67="K",KeyActual<>""),O67+(KeyActual-KeyA),IF(Scenario="B",IF(Q67="",O67,Q67),O67))) | K67: =IF(OR($A67="",P67=""),"",IF(AND(N67="K",KeyActual<>""),P67+(KeyActual-KeyA),IF(Scenario="B",IF(R67="",P67,R67),P67))) | L67: =IF(OR($A67="",K67=""),"",IF(OR(F67="הושלם",F67="בוטל"),"",K67-Today_)) | V67: =IF(AND($A67<>"",F67<>"הושלם",F67<>"בוטל",J67<>""),IF(J67<=Today_+14,IF(K67="",99999,K67)+ROW()/100000,""),"") | W67: =IFERROR(IF($A67="","",CHOOSE(MATCH(G67,{"לא התחיל","בתהליך","ממתין","תקוע","באיחור","הושלם","בוטל"},0),1,2,3,3,4,5,6)*100000+IF(K67="",99999,K67)+ROW()/1000000),"") | X67: =IF(AND($A67<>"",F67<>"הושלם",F67<>"בוטל",OR(ISNUMBER(SEARCH("אריאל",D67)),D67="כל המשפחה")),IF(K67="",99999,K67)+ROW()/100000,"") | Y67: =IF(AND($A67<>"",F67<>"הושלם",F67<>"בוטל",OR(ISNUMBER(SEARCH("רינת",D67)),D67="כל המשפחה")),IF(K67="",99999,K67)+ROW()/100000,"") | Z67: =IF(AND($A67<>"",F67<>"הושלם",F67<>"בוטל",OR(ISNUMBER(SEARCH("תמר",D67)))),IF(K67="",99999,K67)+ROW()/100000,"") | AA67: =IF(AND($A67<>"",F67<>"הושלם",F67<>"בוטל",NOT(ISNUMBER(SEARCH("אריאל",D67))),NOT(ISNUMBER(SEARCH("רינת",D67))),NOT(ISNUMBER(SEARCH("תמר",D67))),D67<>"כל המשפחה"),IF(K67="",99999,K67)+ROW()/100000,"")
G68: =IF($A68="","",IF(AND(F68<>"הושלם",F68<>"בוטל",K68<>"",K68<Today_),"באיחור",IF(F68="","לא התחיל",F68))) | I68: =IF($A68="","",IF(H68<>"",H68,IF(F68="הושלם",1,IF(F68="בתהליך",0.5,IF(OR(F68="ממתין",F68="תקוע"),0.25,0))))) | J68: =IF(OR($A68="",O68=""),"",IF(AND(N68="K",KeyActual<>""),O68+(KeyActual-KeyA),IF(Scenario="B",IF(Q68="",O68,Q68),O68))) | K68: =IF(OR($A68="",P68=""),"",IF(AND(N68="K",KeyActual<>""),P68+(KeyActual-KeyA),IF(Scenario="B",IF(R68="",P68,R68),P68))) | L68: =IF(OR($A68="",K68=""),"",IF(OR(F68="הושלם",F68="בוטל"),"",K68-Today_)) | V68: =IF(AND($A68<>"",F68<>"הושלם",F68<>"בוטל",J68<>""),IF(J68<=Today_+14,IF(K68="",99999,K68)+ROW()/100000,""),"") | W68: =IFERROR(IF($A68="","",CHOOSE(MATCH(G68,{"לא התחיל","בתהליך","ממתין","תקוע","באיחור","הושלם","בוטל"},0),1,2,3,3,4,5,6)*100000+IF(K68="",99999,K68)+ROW()/1000000),"") | X68: =IF(AND($A68<>"",F68<>"הושלם",F68<>"בוטל",OR(ISNUMBER(SEARCH("אריאל",D68)),D68="כל המשפחה")),IF(K68="",99999,K68)+ROW()/100000,"") | Y68: =IF(AND($A68<>"",F68<>"הושלם",F68<>"בוטל",OR(ISNUMBER(SEARCH("רינת",D68)),D68="כל המשפחה")),IF(K68="",99999,K68)+ROW()/100000,"") | Z68: =IF(AND($A68<>"",F68<>"הושלם",F68<>"בוטל",OR(ISNUMBER(SEARCH("תמר",D68)))),IF(K68="",99999,K68)+ROW()/100000,"") | AA68: =IF(AND($A68<>"",F68<>"הושלם",F68<>"בוטל",NOT(ISNUMBER(SEARCH("אריאל",D68))),NOT(ISNUMBER(SEARCH("רינת",D68))),NOT(ISNUMBER(SEARCH("תמר",D68))),D68<>"כל המשפחה"),IF(K68="",99999,K68)+ROW()/100000,"")
G69: =IF($A69="","",IF(AND(F69<>"הושלם",F69<>"בוטל",K69<>"",K69<Today_),"באיחור",IF(F69="","לא התחיל",F69))) | I69: =IF($A69="","",IF(H69<>"",H69,IF(F69="הושלם",1,IF(F69="בתהליך",0.5,IF(OR(F69="ממתין",F69="תקוע"),0.25,0))))) | J69: =IF(OR($A69="",O69=""),"",IF(AND(N69="K",KeyActual<>""),O69+(KeyActual-KeyA),IF(Scenario="B",IF(Q69="",O69,Q69),O69))) | K69: =IF(OR($A69="",P69=""),"",IF(AND(N69="K",KeyActual<>""),P69+(KeyActual-KeyA),IF(Scenario="B",IF(R69="",P69,R69),P69))) | L69: =IF(OR($A69="",K69=""),"",IF(OR(F69="הושלם",F69="בוטל"),"",K69-Today_)) | V69: =IF(AND($A69<>"",F69<>"הושלם",F69<>"בוטל",J69<>""),IF(J69<=Today_+14,IF(K69="",99999,K69)+ROW()/100000,""),"") | W69: =IFERROR(IF($A69="","",CHOOSE(MATCH(G69,{"לא התחיל","בתהליך","ממתין","תקוע","באיחור","הושלם","בוטל"},0),1,2,3,3,4,5,6)*100000+IF(K69="",99999,K69)+ROW()/1000000),"") | X69: =IF(AND($A69<>"",F69<>"הושלם",F69<>"בוטל",OR(ISNUMBER(SEARCH("אריאל",D69)),D69="כל המשפחה")),IF(K69="",99999,K69)+ROW()/100000,"") | Y69: =IF(AND($A69<>"",F69<>"הושלם",F69<>"בוטל",OR(ISNUMBER(SEARCH("רינת",D69)),D69="כל המשפחה")),IF(K69="",99999,K69)+ROW()/100000,"") | Z69: =IF(AND($A69<>"",F69<>"הושלם",F69<>"בוטל",OR(ISNUMBER(SEARCH("תמר",D69)))),IF(K69="",99999,K69)+ROW()/100000,"") | AA69: =IF(AND($A69<>"",F69<>"הושלם",F69<>"בוטל",NOT(ISNUMBER(SEARCH("אריאל",D69))),NOT(ISNUMBER(SEARCH("רינת",D69))),NOT(ISNUMBER(SEARCH("תמר",D69))),D69<>"כל המשפחה"),IF(K69="",99999,K69)+ROW()/100000,"")
G70: =IF($A70="","",IF(AND(F70<>"הושלם",F70<>"בוטל",K70<>"",K70<Today_),"באיחור",IF(F70="","לא התחיל",F70))) | I70: =IF($A70="","",IF(H70<>"",H70,IF(F70="הושלם",1,IF(F70="בתהליך",0.5,IF(OR(F70="ממתין",F70="תקוע"),0.25,0))))) | J70: =IF(OR($A70="",O70=""),"",IF(AND(N70="K",KeyActual<>""),O70+(KeyActual-KeyA),IF(Scenario="B",IF(Q70="",O70,Q70),O70))) | K70: =IF(OR($A70="",P70=""),"",IF(AND(N70="K",KeyActual<>""),P70+(KeyActual-KeyA),IF(Scenario="B",IF(R70="",P70,R70),P70))) | L70: =IF(OR($A70="",K70=""),"",IF(OR(F70="הושלם",F70="בוטל"),"",K70-Today_)) | V70: =IF(AND($A70<>"",F70<>"הושלם",F70<>"בוטל",J70<>""),IF(J70<=Today_+14,IF(K70="",99999,K70)+ROW()/100000,""),"") | W70: =IFERROR(IF($A70="","",CHOOSE(MATCH(G70,{"לא התחיל","בתהליך","ממתין","תקוע","באיחור","הושלם","בוטל"},0),1,2,3,3,4,5,6)*100000+IF(K70="",99999,K70)+ROW()/1000000),"") | X70: =IF(AND($A70<>"",F70<>"הושלם",F70<>"בוטל",OR(ISNUMBER(SEARCH("אריאל",D70)),D70="כל המשפחה")),IF(K70="",99999,K70)+ROW()/100000,"") | Y70: =IF(AND($A70<>"",F70<>"הושלם",F70<>"בוטל",OR(ISNUMBER(SEARCH("רינת",D70)),D70="כל המשפחה")),IF(K70="",99999,K70)+ROW()/100000,"") | Z70: =IF(AND($A70<>"",F70<>"הושלם",F70<>"בוטל",OR(ISNUMBER(SEARCH("תמר",D70)))),IF(K70="",99999,K70)+ROW()/100000,"") | AA70: =IF(AND($A70<>"",F70<>"הושלם",F70<>"בוטל",NOT(ISNUMBER(SEARCH("אריאל",D70))),NOT(ISNUMBER(SEARCH("רינת",D70))),NOT(ISNUMBER(SEARCH("תמר",D70))),D70<>"כל המשפחה"),IF(K70="",99999,K70)+ROW()/100000,"")
G71: =IF($A71="","",IF(AND(F71<>"הושלם",F71<>"בוטל",K71<>"",K71<Today_),"באיחור",IF(F71="","לא התחיל",F71))) | I71: =IF($A71="","",IF(H71<>"",H71,IF(F71="הושלם",1,IF(F71="בתהליך",0.5,IF(OR(F71="ממתין",F71="תקוע"),0.25,0))))) | J71: =IF(OR($A71="",O71=""),"",IF(AND(N71="K",KeyActual<>""),O71+(KeyActual-KeyA),IF(Scenario="B",IF(Q71="",O71,Q71),O71))) | K71: =IF(OR($A71="",P71=""),"",IF(AND(N71="K",KeyActual<>""),P71+(KeyActual-KeyA),IF(Scenario="B",IF(R71="",P71,R71),P71))) | L71: =IF(OR($A71="",K71=""),"",IF(OR(F71="הושלם",F71="בוטל"),"",K71-Today_)) | V71: =IF(AND($A71<>"",F71<>"הושלם",F71<>"בוטל",J71<>""),IF(J71<=Today_+14,IF(K71="",99999,K71)+ROW()/100000,""),"") | W71: =IFERROR(IF($A71="","",CHOOSE(MATCH(G71,{"לא התחיל","בתהליך","ממתין","תקוע","באיחור","הושלם","בוטל"},0),1,2,3,3,4,5,6)*100000+IF(K71="",99999,K71)+ROW()/1000000),"") | X71: =IF(AND($A71<>"",F71<>"הושלם",F71<>"בוטל",OR(ISNUMBER(SEARCH("אריאל",D71)),D71="כל המשפחה")),IF(K71="",99999,K71)+ROW()/100000,"") | Y71: =IF(AND($A71<>"",F71<>"הושלם",F71<>"בוטל",OR(ISNUMBER(SEARCH("רינת",D71)),D71="כל המשפחה")),IF(K71="",99999,K71)+ROW()/100000,"") | Z71: =IF(AND($A71<>"",F71<>"הושלם",F71<>"בוטל",OR(ISNUMBER(SEARCH("תמר",D71)))),IF(K71="",99999,K71)+ROW()/100000,"") | AA71: =IF(AND($A71<>"",F71<>"הושלם",F71<>"בוטל",NOT(ISNUMBER(SEARCH("אריאל",D71))),NOT(ISNUMBER(SEARCH("רינת",D71))),NOT(ISNUMBER(SEARCH("תמר",D71))),D71<>"כל המשפחה"),IF(K71="",99999,K71)+ROW()/100000,"")
G72: =IF($A72="","",IF(AND(F72<>"הושלם",F72<>"בוטל",K72<>"",K72<Today_),"באיחור",IF(F72="","לא התחיל",F72))) | I72: =IF($A72="","",IF(H72<>"",H72,IF(F72="הושלם",1,IF(F72="בתהליך",0.5,IF(OR(F72="ממתין",F72="תקוע"),0.25,0))))) | J72: =IF(OR($A72="",O72=""),"",IF(AND(N72="K",KeyActual<>""),O72+(KeyActual-KeyA),IF(Scenario="B",IF(Q72="",O72,Q72),O72))) | K72: =IF(OR($A72="",P72=""),"",IF(AND(N72="K",KeyActual<>""),P72+(KeyActual-KeyA),IF(Scenario="B",IF(R72="",P72,R72),P72))) | L72: =IF(OR($A72="",K72=""),"",IF(OR(F72="הושלם",F72="בוטל"),"",K72-Today_)) | V72: =IF(AND($A72<>"",F72<>"הושלם",F72<>"בוטל",J72<>""),IF(J72<=Today_+14,IF(K72="",99999,K72)+ROW()/100000,""),"") | W72: =IFERROR(IF($A72="","",CHOOSE(MATCH(G72,{"לא התחיל","בתהליך","ממתין","תקוע","באיחור","הושלם","בוטל"},0),1,2,3,3,4,5,6)*100000+IF(K72="",99999,K72)+ROW()/1000000),"") | X72: =IF(AND($A72<>"",F72<>"הושלם",F72<>"בוטל",OR(ISNUMBER(SEARCH("אריאל",D72)),D72="כל המשפחה")),IF(K72="",99999,K72)+ROW()/100000,"") | Y72: =IF(AND($A72<>"",F72<>"הושלם",F72<>"בוטל",OR(ISNUMBER(SEARCH("רינת",D72)),D72="כל המשפחה")),IF(K72="",99999,K72)+ROW()/100000,"") | Z72: =IF(AND($A72<>"",F72<>"הושלם",F72<>"בוטל",OR(ISNUMBER(SEARCH("תמר",D72)))),IF(K72="",99999,K72)+ROW()/100000,"") | AA72: =IF(AND($A72<>"",F72<>"הושלם",F72<>"בוטל",NOT(ISNUMBER(SEARCH("אריאל",D72))),NOT(ISNUMBER(SEARCH("רינת",D72))),NOT(ISNUMBER(SEARCH("תמר",D72))),D72<>"כל המשפחה"),IF(K72="",99999,K72)+ROW()/100000,"")
G73: =IF($A73="","",IF(AND(F73<>"הושלם",F73<>"בוטל",K73<>"",K73<Today_),"באיחור",IF(F73="","לא התחיל",F73))) | I73: =IF($A73="","",IF(H73<>"",H73,IF(F73="הושלם",1,IF(F73="בתהליך",0.5,IF(OR(F73="ממתין",F73="תקוע"),0.25,0))))) | J73: =IF(OR($A73="",O73=""),"",IF(AND(N73="K",KeyActual<>""),O73+(KeyActual-KeyA),IF(Scenario="B",IF(Q73="",O73,Q73),O73))) | K73: =IF(OR($A73="",P73=""),"",IF(AND(N73="K",KeyActual<>""),P73+(KeyActual-KeyA),IF(Scenario="B",IF(R73="",P73,R73),P73))) | L73: =IF(OR($A73="",K73=""),"",IF(OR(F73="הושלם",F73="בוטל"),"",K73-Today_)) | V73: =IF(AND($A73<>"",F73<>"הושלם",F73<>"בוטל",J73<>""),IF(J73<=Today_+14,IF(K73="",99999,K73)+ROW()/100000,""),"") | W73: =IFERROR(IF($A73="","",CHOOSE(MATCH(G73,{"לא התחיל","בתהליך","ממתין","תקוע","באיחור","הושלם","בוטל"},0),1,2,3,3,4,5,6)*100000+IF(K73="",99999,K73)+ROW()/1000000),"") | X73: =IF(AND($A73<>"",F73<>"הושלם",F73<>"בוטל",OR(ISNUMBER(SEARCH("אריאל",D73)),D73="כל המשפחה")),IF(K73="",99999,K73)+ROW()/100000,"") | Y73: =IF(AND($A73<>"",F73<>"הושלם",F73<>"בוטל",OR(ISNUMBER(SEARCH("רינת",D73)),D73="כל המשפחה")),IF(K73="",99999,K73)+ROW()/100000,"") | Z73: =IF(AND($A73<>"",F73<>"הושלם",F73<>"בוטל",OR(ISNUMBER(SEARCH("תמר",D73)))),IF(K73="",99999,K73)+ROW()/100000,"") | AA73: =IF(AND($A73<>"",F73<>"הושלם",F73<>"בוטל",NOT(ISNUMBER(SEARCH("אריאל",D73))),NOT(ISNUMBER(SEARCH("רינת",D73))),NOT(ISNUMBER(SEARCH("תמר",D73))),D73<>"כל המשפחה"),IF(K73="",99999,K73)+ROW()/100000,"")
G74: =IF($A74="","",IF(AND(F74<>"הושלם",F74<>"בוטל",K74<>"",K74<Today_),"באיחור",IF(F74="","לא התחיל",F74))) | I74: =IF($A74="","",IF(H74<>"",H74,IF(F74="הושלם",1,IF(F74="בתהליך",0.5,IF(OR(F74="ממתין",F74="תקוע"),0.25,0))))) | J74: =IF(OR($A74="",O74=""),"",IF(AND(N74="K",KeyActual<>""),O74+(KeyActual-KeyA),IF(Scenario="B",IF(Q74="",O74,Q74),O74))) | K74: =IF(OR($A74="",P74=""),"",IF(AND(N74="K",KeyActual<>""),P74+(KeyActual-KeyA),IF(Scenario="B",IF(R74="",P74,R74),P74))) | L74: =IF(OR($A74="",K74=""),"",IF(OR(F74="הושלם",F74="בוטל"),"",K74-Today_)) | V74: =IF(AND($A74<>"",F74<>"הושלם",F74<>"בוטל",J74<>""),IF(J74<=Today_+14,IF(K74="",99999,K74)+ROW()/100000,""),"") | W74: =IFERROR(IF($A74="","",CHOOSE(MATCH(G74,{"לא התחיל","בתהליך","ממתין","תקוע","באיחור","הושלם","בוטל"},0),1,2,3,3,4,5,6)*100000+IF(K74="",99999,K74)+ROW()/1000000),"") | X74: =IF(AND($A74<>"",F74<>"הושלם",F74<>"בוטל",OR(ISNUMBER(SEARCH("אריאל",D74)),D74="כל המשפחה")),IF(K74="",99999,K74)+ROW()/100000,"") | Y74: =IF(AND($A74<>"",F74<>"הושלם",F74<>"בוטל",OR(ISNUMBER(SEARCH("רינת",D74)),D74="כל המשפחה")),IF(K74="",99999,K74)+ROW()/100000,"") | Z74: =IF(AND($A74<>"",F74<>"הושלם",F74<>"בוטל",OR(ISNUMBER(SEARCH("תמר",D74)))),IF(K74="",99999,K74)+ROW()/100000,"") | AA74: =IF(AND($A74<>"",F74<>"הושלם",F74<>"בוטל",NOT(ISNUMBER(SEARCH("אריאל",D74))),NOT(ISNUMBER(SEARCH("רינת",D74))),NOT(ISNUMBER(SEARCH("תמר",D74))),D74<>"כל המשפחה"),IF(K74="",99999,K74)+ROW()/100000,"")
G75: =IF($A75="","",IF(AND(F75<>"הושלם",F75<>"בוטל",K75<>"",K75<Today_),"באיחור",IF(F75="","לא התחיל",F75))) | I75: =IF($A75="","",IF(H75<>"",H75,IF(F75="הושלם",1,IF(F75="בתהליך",0.5,IF(OR(F75="ממתין",F75="תקוע"),0.25,0))))) | J75: =IF(OR($A75="",O75=""),"",IF(AND(N75="K",KeyActual<>""),O75+(KeyActual-KeyA),IF(Scenario="B",IF(Q75="",O75,Q75),O75))) | K75: =IF(OR($A75="",P75=""),"",IF(AND(N75="K",KeyActual<>""),P75+(KeyActual-KeyA),IF(Scenario="B",IF(R75="",P75,R75),P75))) | L75: =IF(OR($A75="",K75=""),"",IF(OR(F75="הושלם",F75="בוטל"),"",K75-Today_)) | V75: =IF(AND($A75<>"",F75<>"הושלם",F75<>"בוטל",J75<>""),IF(J75<=Today_+14,IF(K75="",99999,K75)+ROW()/100000,""),"") | W75: =IFERROR(IF($A75="","",CHOOSE(MATCH(G75,{"לא התחיל","בתהליך","ממתין","תקוע","באיחור","הושלם","בוטל"},0),1,2,3,3,4,5,6)*100000+IF(K75="",99999,K75)+ROW()/1000000),"") | X75: =IF(AND($A75<>"",F75<>"הושלם",F75<>"בוטל",OR(ISNUMBER(SEARCH("אריאל",D75)),D75="כל המשפחה")),IF(K75="",99999,K75)+ROW()/100000,"") | Y75: =IF(AND($A75<>"",F75<>"הושלם",F75<>"בוטל",OR(ISNUMBER(SEARCH("רינת",D75)),D75="כל המשפחה")),IF(K75="",99999,K75)+ROW()/100000,"") | Z75: =IF(AND($A75<>"",F75<>"הושלם",F75<>"בוטל",OR(ISNUMBER(SEARCH("תמר",D75)))),IF(K75="",99999,K75)+ROW()/100000,"") | AA75: =IF(AND($A75<>"",F75<>"הושלם",F75<>"בוטל",NOT(ISNUMBER(SEARCH("אריאל",D75))),NOT(ISNUMBER(SEARCH("רינת",D75))),NOT(ISNUMBER(SEARCH("תמר",D75))),D75<>"כל המשפחה"),IF(K75="",99999,K75)+ROW()/100000,"")
G76: =IF($A76="","",IF(AND(F76<>"הושלם",F76<>"בוטל",K76<>"",K76<Today_),"באיחור",IF(F76="","לא התחיל",F76))) | I76: =IF($A76="","",IF(H76<>"",H76,IF(F76="הושלם",1,IF(F76="בתהליך",0.5,IF(OR(F76="ממתין",F76="תקוע"),0.25,0))))) | J76: =IF(OR($A76="",O76=""),"",IF(AND(N76="K",KeyActual<>""),O76+(KeyActual-KeyA),IF(Scenario="B",IF(Q76="",O76,Q76),O76))) | K76: =IF(OR($A76="",P76=""),"",IF(AND(N76="K",KeyActual<>""),P76+(KeyActual-KeyA),IF(Scenario="B",IF(R76="",P76,R76),P76))) | L76: =IF(OR($A76="",K76=""),"",IF(OR(F76="הושלם",F76="בוטל"),"",K76-Today_)) | V76: =IF(AND($A76<>"",F76<>"הושלם",F76<>"בוטל",J76<>""),IF(J76<=Today_+14,IF(K76="",99999,K76)+ROW()/100000,""),"") | W76: =IFERROR(IF($A76="","",CHOOSE(MATCH(G76,{"לא התחיל","בתהליך","ממתין","תקוע","באיחור","הושלם","בוטל"},0),1,2,3,3,4,5,6)*100000+IF(K76="",99999,K76)+ROW()/1000000),"") | X76: =IF(AND($A76<>"",F76<>"הושלם",F76<>"בוטל",OR(ISNUMBER(SEARCH("אריאל",D76)),D76="כל המשפחה")),IF(K76="",99999,K76)+ROW()/100000,"") | Y76: =IF(AND($A76<>"",F76<>"הושלם",F76<>"בוטל",OR(ISNUMBER(SEARCH("רינת",D76)),D76="כל המשפחה")),IF(K76="",99999,K76)+ROW()/100000,"") | Z76: =IF(AND($A76<>"",F76<>"הושלם",F76<>"בוטל",OR(ISNUMBER(SEARCH("תמר",D76)))),IF(K76="",99999,K76)+ROW()/100000,"") | AA76: =IF(AND($A76<>"",F76<>"הושלם",F76<>"בוטל",NOT(ISNUMBER(SEARCH("אריאל",D76))),NOT(ISNUMBER(SEARCH("רינת",D76))),NOT(ISNUMBER(SEARCH("תמר",D76))),D76<>"כל המשפחה"),IF(K76="",99999,K76)+ROW()/100000,"")
G77: =IF($A77="","",IF(AND(F77<>"הושלם",F77<>"בוטל",K77<>"",K77<Today_),"באיחור",IF(F77="","לא התחיל",F77))) | I77: =IF($A77="","",IF(H77<>"",H77,IF(F77="הושלם",1,IF(F77="בתהליך",0.5,IF(OR(F77="ממתין",F77="תקוע"),0.25,0))))) | J77: =IF(OR($A77="",O77=""),"",IF(AND(N77="K",KeyActual<>""),O77+(KeyActual-KeyA),IF(Scenario="B",IF(Q77="",O77,Q77),O77))) | K77: =IF(OR($A77="",P77=""),"",IF(AND(N77="K",KeyActual<>""),P77+(KeyActual-KeyA),IF(Scenario="B",IF(R77="",P77,R77),P77))) | L77: =IF(OR($A77="",K77=""),"",IF(OR(F77="הושלם",F77="בוטל"),"",K77-Today_)) | V77: =IF(AND($A77<>"",F77<>"הושלם",F77<>"בוטל",J77<>""),IF(J77<=Today_+14,IF(K77="",99999,K77)+ROW()/100000,""),"") | W77: =IFERROR(IF($A77="","",CHOOSE(MATCH(G77,{"לא התחיל","בתהליך","ממתין","תקוע","באיחור","הושלם","בוטל"},0),1,2,3,3,4,5,6)*100000+IF(K77="",99999,K77)+ROW()/1000000),"") | X77: =IF(AND($A77<>"",F77<>"הושלם",F77<>"בוטל",OR(ISNUMBER(SEARCH("אריאל",D77)),D77="כל המשפחה")),IF(K77="",99999,K77)+ROW()/100000,"") | Y77: =IF(AND($A77<>"",F77<>"הושלם",F77<>"בוטל",OR(ISNUMBER(SEARCH("רינת",D77)),D77="כל המשפחה")),IF(K77="",99999,K77)+ROW()/100000,"") | Z77: =IF(AND($A77<>"",F77<>"הושלם",F77<>"בוטל",OR(ISNUMBER(SEARCH("תמר",D77)))),IF(K77="",99999,K77)+ROW()/100000,"") | AA77: =IF(AND($A77<>"",F77<>"הושלם",F77<>"בוטל",NOT(ISNUMBER(SEARCH("אריאל",D77))),NOT(ISNUMBER(SEARCH("רינת",D77))),NOT(ISNUMBER(SEARCH("תמר",D77))),D77<>"כל המשפחה"),IF(K77="",99999,K77)+ROW()/100000,"")
... G95: =IF($A95="","",IF(AND(F95<>"הושלם",F95<>"בוטל",K95<>"",K95<Today_),"באיחור",IF(F95="","לא התחיל",F95))) | I95: =IF($A95="","",IF(H95<>"",H95,IF(F95="הושלם",1,IF(F95="בתהליך",0.5,IF(OR(F95="ממתין",F95="תקוע"),0.25,0))))) | J95: =IF(OR($A95="",O95=""),"",IF(AND(N95="K",KeyActual<>""),O95+(KeyActual-KeyA),IF(Scenario="B",IF(Q95="",O95,Q95),O95))) | K95: =IF(OR($A95="",P95=""),"",IF(AND(N95="K",KeyActual<>""),P95+(KeyActual-KeyA),IF(Scenario="B",IF(R95="",P95,R95),P95))) | L95: =IF(OR($A95="",K95=""),"",IF(OR(F95="הושלם",F95="בוטל"),"",K95-Today_)) | V95: =IF(AND($A95<>"",F95<>"הושלם",F95<>"בוטל",J95<>""),IF(J95<=Today_+14,IF(K95="",99999,K95)+ROW()/100000,""),"") | W95: =IFERROR(IF($A95="","",CHOOSE(MATCH(G95,{"לא התחיל","בתהליך","ממתין","תקוע","באיחור","הושלם","בוטל"},0),1,2,3,3,4,5,6)*100000+IF(K95="",99999,K95)+ROW()/1000000),"") | X95: =IF(AND($A95<>"",F95<>"הושלם",F95<>"בוטל",OR(ISNUMBER(SEARCH("אריאל",D95)),D95="כל המשפחה")),IF(K95="",99999,K95)+ROW()/100000,"") | Y95: =IF(AND($A95<>"",F95<>"הושלם",F95<>"בוטל",OR(ISNUMBER(SEARCH("רינת",D95)),D95="כל המשפחה")),IF(K95="",99999,K95)+ROW()/100000,"") | Z95: =IF(AND($A95<>"",F95<>"הושלם",F95<>"בוטל",OR(ISNUMBER(SEARCH("תמר",D95)))),IF(K95="",99999,K95)+ROW()/100000,"") | AA95: =IF(AND($A95<>"",F95<>"הושלם",F95<>"בוטל",NOT(ISNUMBER(SEARCH("אריאל",D95))),NOT(ISNUMBER(SEARCH("רינת",D95))),NOT(ISNUMBER(SEARCH("תמר",D95))),D95<>"כל המשפחה"),IF(K95="",99999,K95)+ROW()/100000,"")

Sheet גאנט
A1: 📊 גאנט — לוח זמנים שבועי (אוקטובר 2026 – אפריל 2027)
A2: ="תרחיש פעיל: "&Scenario&" · מפתח: "&TEXT(KeyActive,"dd/mm/yyyy")&" · ◆ = אבן דרך · עמודה צהובה = השבוע הנוכחי · צבע הפס = מצב המשימה"
A3: ID | B3: משימה / אבן דרך | C3: אחראי | D3: ⚡ מצב | E3: ▶ התחלה | F3: 🎯 יעד | G3: אוקטובר 26 | K3: נובמבר 26 | P3: דצמבר 26 | T3: ינואר 27 | Y3: פברואר 27 | AC3: מרץ 27 | AG3: אפריל 27
G4: 46299 | H4: 46306 | I4: 46313 | J4: 46320 | K4: 46327 | L4: 46334 | M4: 46341 | N4: 46348 | O4: 46355 | P4: 46362 | Q4: 46369 | R4: 46376 | S4: 46383 | T4: 46390 | U4: 46397 | V4: 46404 | W4: 46411 | X4: 46418 | Y4: 46425 | Z4: 46432 | AA4: 46439 | AB4: 46446 | AC4: 46453 | AD4: 46460 | AE4: 46467 | AF4: 46474 | AG4: 46481 | AH4: 46488 | AI4: 46495 | AJ4: 46502
B5: היום ▼ | G5: =IF(AND(Today_>=G$4,Today_<G$4+7),"▼","") | H5: =IF(AND(Today_>=H$4,Today_<H$4+7),"▼","") | I5: =IF(AND(Today_>=I$4,Today_<I$4+7),"▼","") | J5: =IF(AND(Today_>=J$4,Today_<J$4+7),"▼","") | K5: =IF(AND(Today_>=K$4,Today_<K$4+7),"▼","") | L5: =IF(AND(Today_>=L$4,Today_<L$4+7),"▼","") | M5: =IF(AND(Today_>=M$4,Today_<M$4+7),"▼","") | N5: =IF(AND(Today_>=N$4,Today_<N$4+7),"▼","") | ... AJ5: =IF(AND(Today_>=AJ$4,Today_<AJ$4+7),"▼","")
A6: 🏁 אבני דרך
A7: ='אבני דרך'!A5 | B7: ='אבני דרך'!B5 | D7: ='אבני דרך'!G5 | E7: ='אבני דרך'!E5 | F7: ='אבני דרך'!E5 | G7: =IF(AND($E7<>"",$E7>=G$4,$E7<G$4+7),"◆","") | H7: =IF(AND($E7<>"",$E7>=H$4,$E7<H$4+7),"◆","") | I7: =IF(AND($E7<>"",$E7>=I$4,$E7<I$4+7),"◆","") | J7: =IF(AND($E7<>"",$E7>=J$4,$E7<J$4+7),"◆","") | K7: =IF(AND($E7<>"",$E7>=K$4,$E7<K$4+7),"◆","") | L7: =IF(AND($E7<>"",$E7>=L$4,$E7<L$4+7),"◆","") | M7: =IF(AND($E7<>"",$E7>=M$4,$E7<M$4+7),"◆","") | N7: =IF(AND($E7<>"",$E7>=N$4,$E7<N$4+7),"◆","") | ... AJ7: =IF(AND($E7<>"",$E7>=AJ$4,$E7<AJ$4+7),"◆","")
A8: ='אבני דרך'!A6 | B8: ='אבני דרך'!B6 | D8: ='אבני דרך'!G6 | E8: ='אבני דרך'!E6 | F8: ='אבני דרך'!E6 | G8: =IF(AND($E8<>"",$E8>=G$4,$E8<G$4+7),"◆","") | H8: =IF(AND($E8<>"",$E8>=H$4,$E8<H$4+7),"◆","") | I8: =IF(AND($E8<>"",$E8>=I$4,$E8<I$4+7),"◆","") | J8: =IF(AND($E8<>"",$E8>=J$4,$E8<J$4+7),"◆","") | K8: =IF(AND($E8<>"",$E8>=K$4,$E8<K$4+7),"◆","") | L8: =IF(AND($E8<>"",$E8>=L$4,$E8<L$4+7),"◆","") | M8: =IF(AND($E8<>"",$E8>=M$4,$E8<M$4+7),"◆","") | N8: =IF(AND($E8<>"",$E8>=N$4,$E8<N$4+7),"◆","") | ... AJ8: =IF(AND($E8<>"",$E8>=AJ$4,$E8<AJ$4+7),"◆","")
A9: ='אבני דרך'!A7 | B9: ='אבני דרך'!B7 | D9: ='אבני דרך'!G7 | E9: ='אבני דרך'!E7 | F9: ='אבני דרך'!E7 | G9: =IF(AND($E9<>"",$E9>=G$4,$E9<G$4+7),"◆","") | H9: =IF(AND($E9<>"",$E9>=H$4,$E9<H$4+7),"◆","") | I9: =IF(AND($E9<>"",$E9>=I$4,$E9<I$4+7),"◆","") | J9: =IF(AND($E9<>"",$E9>=J$4,$E9<J$4+7),"◆","") | K9: =IF(AND($E9<>"",$E9>=K$4,$E9<K$4+7),"◆","") | L9: =IF(AND($E9<>"",$E9>=L$4,$E9<L$4+7),"◆","") | M9: =IF(AND($E9<>"",$E9>=M$4,$E9<M$4+7),"◆","") | N9: =IF(AND($E9<>"",$E9>=N$4,$E9<N$4+7),"◆","") | ... AJ9: =IF(AND($E9<>"",$E9>=AJ$4,$E9<AJ$4+7),"◆","")
A10: ='אבני דרך'!A8 | B10: ='אבני דרך'!B8 | D10: ='אבני דרך'!G8 | E10: ='אבני דרך'!E8 | F10: ='אבני דרך'!E8 | G10: =IF(AND($E10<>"",$E10>=G$4,$E10<G$4+7),"◆","") | H10: =IF(AND($E10<>"",$E10>=H$4,$E10<H$4+7),"◆","") | I10: =IF(AND($E10<>"",$E10>=I$4,$E10<I$4+7),"◆","") | J10: =IF(AND($E10<>"",$E10>=J$4,$E10<J$4+7),"◆","") | K10: =IF(AND($E10<>"",$E10>=K$4,$E10<K$4+7),"◆","") | L10: =IF(AND($E10<>"",$E10>=L$4,$E10<L$4+7),"◆","") | M10: =IF(AND($E10<>"",$E10>=M$4,$E10<M$4+7),"◆","") | N10: =IF(AND($E10<>"",$E10>=N$4,$E10<N$4+7),"◆","") | ... AJ10: =IF(AND($E10<>"",$E10>=AJ$4,$E10<AJ$4+7),"◆","")
A11: ='אבני דרך'!A9 | B11: ='אבני דרך'!B9 | D11: ='אבני דרך'!G9 | E11: ='אבני דרך'!E9 | F11: ='אבני דרך'!E9 | G11: =IF(AND($E11<>"",$E11>=G$4,$E11<G$4+7),"◆","") | H11: =IF(AND($E11<>"",$E11>=H$4,$E11<H$4+7),"◆","") | I11: =IF(AND($E11<>"",$E11>=I$4,$E11<I$4+7),"◆","") | J11: =IF(AND($E11<>"",$E11>=J$4,$E11<J$4+7),"◆","") | K11: =IF(AND($E11<>"",$E11>=K$4,$E11<K$4+7),"◆","") | L11: =IF(AND($E11<>"",$E11>=L$4,$E11<L$4+7),"◆","") | M11: =IF(AND($E11<>"",$E11>=M$4,$E11<M$4+7),"◆","") | N11: =IF(AND($E11<>"",$E11>=N$4,$E11<N$4+7),"◆","") | ... AJ11: =IF(AND($E11<>"",$E11>=AJ$4,$E11<AJ$4+7),"◆","")
A12: ='אבני דרך'!A10 | B12: ='אבני דרך'!B10 | D12: ='אבני דרך'!G10 | E12: ='אבני דרך'!E10 | F12: ='אבני דרך'!E10 | G12: =IF(AND($E12<>"",$E12>=G$4,$E12<G$4+7),"◆","") | H12: =IF(AND($E12<>"",$E12>=H$4,$E12<H$4+7),"◆","") | I12: =IF(AND($E12<>"",$E12>=I$4,$E12<I$4+7),"◆","") | J12: =IF(AND($E12<>"",$E12>=J$4,$E12<J$4+7),"◆","") | K12: =IF(AND($E12<>"",$E12>=K$4,$E12<K$4+7),"◆","") | L12: =IF(AND($E12<>"",$E12>=L$4,$E12<L$4+7),"◆","") | M12: =IF(AND($E12<>"",$E12>=M$4,$E12<M$4+7),"◆","") | N12: =IF(AND($E12<>"",$E12>=N$4,$E12<N$4+7),"◆","") | ... AJ12: =IF(AND($E12<>"",$E12>=AJ$4,$E12<AJ$4+7),"◆","")
A13: ='אבני דרך'!A11 | B13: ='אבני דרך'!B11 | D13: ='אבני דרך'!G11 | E13: ='אבני דרך'!E11 | F13: ='אבני דרך'!E11 | G13: =IF(AND($E13<>"",$E13>=G$4,$E13<G$4+7),"◆","") | H13: =IF(AND($E13<>"",$E13>=H$4,$E13<H$4+7),"◆","") | I13: =IF(AND($E13<>"",$E13>=I$4,$E13<I$4+7),"◆","") | J13: =IF(AND($E13<>"",$E13>=J$4,$E13<J$4+7),"◆","") | K13: =IF(AND($E13<>"",$E13>=K$4,$E13<K$4+7),"◆","") | L13: =IF(AND($E13<>"",$E13>=L$4,$E13<L$4+7),"◆","") | M13: =IF(AND($E13<>"",$E13>=M$4,$E13<M$4+7),"◆","") | N13: =IF(AND($E13<>"",$E13>=N$4,$E13<N$4+7),"◆","") | ... AJ13: =IF(AND($E13<>"",$E13>=AJ$4,$E13<AJ$4+7),"◆","")
A14: ='אבני דרך'!A12 | B14: ='אבני דרך'!B12 | D14: ='אבני דרך'!G12 | E14: ='אבני דרך'!E12 | F14: ='אבני דרך'!E12 | G14: =IF(AND($E14<>"",$E14>=G$4,$E14<G$4+7),"◆","") | H14: =IF(AND($E14<>"",$E14>=H$4,$E14<H$4+7),"◆","") | I14: =IF(AND($E14<>"",$E14>=I$4,$E14<I$4+7),"◆","") | J14: =IF(AND($E14<>"",$E14>=J$4,$E14<J$4+7),"◆","") | K14: =IF(AND($E14<>"",$E14>=K$4,$E14<K$4+7),"◆","") | L14: =IF(AND($E14<>"",$E14>=L$4,$E14<L$4+7),"◆","") | M14: =IF(AND($E14<>"",$E14>=M$4,$E14<M$4+7),"◆","") | N14: =IF(AND($E14<>"",$E14>=N$4,$E14<N$4+7),"◆","") | ... AJ14: =IF(AND($E14<>"",$E14>=AJ$4,$E14<AJ$4+7),"◆","")
A15: ='אבני דרך'!A13 | B15: ='אבני דרך'!B13 | D15: ='אבני דרך'!G13 | E15: ='אבני דרך'!E13 | F15: ='אבני דרך'!E13 | G15: =IF(AND($E15<>"",$E15>=G$4,$E15<G$4+7),"◆","") | H15: =IF(AND($E15<>"",$E15>=H$4,$E15<H$4+7),"◆","") | I15: =IF(AND($E15<>"",$E15>=I$4,$E15<I$4+7),"◆","") | J15: =IF(AND($E15<>"",$E15>=J$4,$E15<J$4+7),"◆","") | K15: =IF(AND($E15<>"",$E15>=K$4,$E15<K$4+7),"◆","") | L15: =IF(AND($E15<>"",$E15>=L$4,$E15<L$4+7),"◆","") | M15: =IF(AND($E15<>"",$E15>=M$4,$E15<M$4+7),"◆","") | N15: =IF(AND($E15<>"",$E15>=N$4,$E15<N$4+7),"◆","") | ... AJ15: =IF(AND($E15<>"",$E15>=AJ$4,$E15<AJ$4+7),"◆","")
A16: ='אבני דרך'!A14 | B16: ='אבני דרך'!B14 | D16: ='אבני דרך'!G14 | E16: ='אבני דרך'!E14 | F16: ='אבני דרך'!E14 | G16: =IF(AND($E16<>"",$E16>=G$4,$E16<G$4+7),"◆","") | H16: =IF(AND($E16<>"",$E16>=H$4,$E16<H$4+7),"◆","") | I16: =IF(AND($E16<>"",$E16>=I$4,$E16<I$4+7),"◆","") | J16: =IF(AND($E16<>"",$E16>=J$4,$E16<J$4+7),"◆","") | K16: =IF(AND($E16<>"",$E16>=K$4,$E16<K$4+7),"◆","") | L16: =IF(AND($E16<>"",$E16>=L$4,$E16<L$4+7),"◆","") | M16: =IF(AND($E16<>"",$E16>=M$4,$E16<M$4+7),"◆","") | N16: =IF(AND($E16<>"",$E16>=N$4,$E16<N$4+7),"◆","") | ... AJ16: =IF(AND($E16<>"",$E16>=AJ$4,$E16<AJ$4+7),"◆","")
A17: ='אבני דרך'!A15 | B17: ='אבני דרך'!B15 | D17: ='אבני דרך'!G15 | E17: ='אבני דרך'!E15 | F17: ='אבני דרך'!E15 | G17: =IF(AND($E17<>"",$E17>=G$4,$E17<G$4+7),"◆","") | H17: =IF(AND($E17<>"",$E17>=H$4,$E17<H$4+7),"◆","") | I17: =IF(AND($E17<>"",$E17>=I$4,$E17<I$4+7),"◆","") | J17: =IF(AND($E17<>"",$E17>=J$4,$E17<J$4+7),"◆","") | K17: =IF(AND($E17<>"",$E17>=K$4,$E17<K$4+7),"◆","") | L17: =IF(AND($E17<>"",$E17>=L$4,$E17<L$4+7),"◆","") | M17: =IF(AND($E17<>"",$E17>=M$4,$E17<M$4+7),"◆","") | N17: =IF(AND($E17<>"",$E17>=N$4,$E17<N$4+7),"◆","") | ... AJ17: =IF(AND($E17<>"",$E17>=AJ$4,$E17<AJ$4+7),"◆","")
A18: ='אבני דרך'!A16 | B18: ='אבני דרך'!B16 | D18: ='אבני דרך'!G16 | E18: ='אבני דרך'!E16 | F18: ='אבני דרך'!E16 | G18: =IF(AND($E18<>"",$E18>=G$4,$E18<G$4+7),"◆","") | H18: =IF(AND($E18<>"",$E18>=H$4,$E18<H$4+7),"◆","") | I18: =IF(AND($E18<>"",$E18>=I$4,$E18<I$4+7),"◆","") | J18: =IF(AND($E18<>"",$E18>=J$4,$E18<J$4+7),"◆","") | K18: =IF(AND($E18<>"",$E18>=K$4,$E18<K$4+7),"◆","") | L18: =IF(AND($E18<>"",$E18>=L$4,$E18<L$4+7),"◆","") | M18: =IF(AND($E18<>"",$E18>=M$4,$E18<M$4+7),"◆","") | N18: =IF(AND($E18<>"",$E18>=N$4,$E18<N$4+7),"◆","") | ... AJ18: =IF(AND($E18<>"",$E18>=AJ$4,$E18<AJ$4+7),"◆","")
A19: 📋 משימות (לפי סדר לשונית המשימות)
A20: =IF('משימות'!$A5="","",'משימות'!A5) | B20: =IF('משימות'!$A5="","",'משימות'!C5) | C20: =IF('משימות'!$A5="","",'משימות'!D5) | D20: =IF('משימות'!$A5="","",'משימות'!G5) | E20: =IF('משימות'!$A5="","",'משימות'!J5) | F20: =IF('משימות'!$A5="","",'משימות'!K5)
A21: =IF('משימות'!$A6="","",'משימות'!A6) | B21: =IF('משימות'!$A6="","",'משימות'!C6) | C21: =IF('משימות'!$A6="","",'משימות'!D6) | D21: =IF('משימות'!$A6="","",'משימות'!G6) | E21: =IF('משימות'!$A6="","",'משימות'!J6) | F21: =IF('משימות'!$A6="","",'משימות'!K6)
A22: =IF('משימות'!$A7="","",'משימות'!A7) | B22: =IF('משימות'!$A7="","",'משימות'!C7) | C22: =IF('משימות'!$A7="","",'משימות'!D7) | D22: =IF('משימות'!$A7="","",'משימות'!G7) | E22: =IF('משימות'!$A7="","",'משימות'!J7) | F22: =IF('משימות'!$A7="","",'משימות'!K7)
A23: =IF('משימות'!$A8="","",'משימות'!A8) | B23: =IF('משימות'!$A8="","",'משימות'!C8) | C23: =IF('משימות'!$A8="","",'משימות'!D8) | D23: =IF('משימות'!$A8="","",'משימות'!G8) | E23: =IF('משימות'!$A8="","",'משימות'!J8) | F23: =IF('משימות'!$A8="","",'משימות'!K8)
A24: =IF('משימות'!$A9="","",'משימות'!A9) | B24: =IF('משימות'!$A9="","",'משימות'!C9) | C24: =IF('משימות'!$A9="","",'משימות'!D9) | D24: =IF('משימות'!$A9="","",'משימות'!G9) | E24: =IF('משימות'!$A9="","",'משימות'!J9) | F24: =IF('משימות'!$A9="","",'משימות'!K9)
A25: =IF('משימות'!$A10="","",'משימות'!A10) | B25: =IF('משימות'!$A10="","",'משימות'!C10) | C25: =IF('משימות'!$A10="","",'משימות'!D10) | D25: =IF('משימות'!$A10="","",'משימות'!G10) | E25: =IF('משימות'!$A10="","",'משימות'!J10) | F25: =IF('משימות'!$A10="","",'משימות'!K10)
A26: =IF('משימות'!$A11="","",'משימות'!A11) | B26: =IF('משימות'!$A11="","",'משימות'!C11) | C26: =IF('משימות'!$A11="","",'משימות'!D11) | D26: =IF('משימות'!$A11="","",'משימות'!G11) | E26: =IF('משימות'!$A11="","",'משימות'!J11) | F26: =IF('משימות'!$A11="","",'משימות'!K11)
A27: =IF('משימות'!$A12="","",'משימות'!A12) | B27: =IF('משימות'!$A12="","",'משימות'!C12) | C27: =IF('משימות'!$A12="","",'משימות'!D12) | D27: =IF('משימות'!$A12="","",'משימות'!G12) | E27: =IF('משימות'!$A12="","",'משימות'!J12) | F27: =IF('משימות'!$A12="","",'משימות'!K12)
A28: =IF('משימות'!$A13="","",'משימות'!A13) | B28: =IF('משימות'!$A13="","",'משימות'!C13) | C28: =IF('משימות'!$A13="","",'משימות'!D13) | D28: =IF('משימות'!$A13="","",'משימות'!G13) | E28: =IF('משימות'!$A13="","",'משימות'!J13) | F28: =IF('משימות'!$A13="","",'משימות'!K13)
A29: =IF('משימות'!$A14="","",'משימות'!A14) | B29: =IF('משימות'!$A14="","",'משימות'!C14) | C29: =IF('משימות'!$A14="","",'משימות'!D14) | D29: =IF('משימות'!$A14="","",'משימות'!G14) | E29: =IF('משימות'!$A14="","",'משימות'!J14) | F29: =IF('משימות'!$A14="","",'משימות'!K14)
A30: =IF('משימות'!$A15="","",'משימות'!A15) | B30: =IF('משימות'!$A15="","",'משימות'!C15) | C30: =IF('משימות'!$A15="","",'משימות'!D15) | D30: =IF('משימות'!$A15="","",'משימות'!G15) | E30: =IF('משימות'!$A15="","",'משימות'!J15) | F30: =IF('משימות'!$A15="","",'משימות'!K15)
A31: =IF('משימות'!$A16="","",'משימות'!A16) | B31: =IF('משימות'!$A16="","",'משימות'!C16) | C31: =IF('משימות'!$A16="","",'משימות'!D16) | D31: =IF('משימות'!$A16="","",'משימות'!G16) | E31: =IF('משימות'!$A16="","",'משימות'!J16) | F31: =IF('משימות'!$A16="","",'משימות'!K16)
... A110: =IF('משימות'!$A95="","",'משימות'!A95) | B110: =IF('משימות'!$A95="","",'משימות'!C95) | C110: =IF('משימות'!$A95="","",'משימות'!D95) | D110: =IF('משימות'!$A95="","",'משימות'!G95) | E110: =IF('משימות'!$A95="","",'משימות'!J95) | F110: =IF('משימות'!$A95="","",'משימות'!K95)
B112: מקרא צבעי פסים:
B113: לא התחיל / רגיל | C113: הושלם | D113: באיחור | E113: בתהליך | F113: ממתין | G113: תקוע | H113: בוטל
B114: ◆ אבן דרך · עמודה צהובה = השבוע הנוכחי · כותרת כתומה = שבוע המפתח · משימות שמסתיימות אחרי 25/04/2027 נחתכות בקצה

Sheet לפי אחראי
A1: 👥 מה על מי — משימות פתוחות לפי אחראי
A2: ממוין לפי תאריך יעד (תרחיש פעיל) · "כל המשפחה" ומשימות משותפות (אריאל+רינת) מופיעות אצל שניהם
A4: 👤 אריאל | F4: 👤 רינת | K4: 🤖 תמר | P4: 👷 אנשי מקצוע / אחרים
A5: ="פתוחות: "&COUNT(T_Ariel)&" · ⏰ באיחור: "&SUMPRODUCT(--ISNUMBER(SEARCH("אריאל",T_Owner)),--(T_Eff="באיחור"))&" · ✅ הושלמו: "&SUMPRODUCT(--ISNUMBER(SEARCH("אריאל",T_Owner)),--(T_Status="הושלם")) | F5: ="פתוחות: "&COUNT(T_Rinat)&" · ⏰ באיחור: "&SUMPRODUCT(--ISNUMBER(SEARCH("רינת",T_Owner)),--(T_Eff="באיחור"))&" · ✅ הושלמו: "&SUMPRODUCT(--ISNUMBER(SEARCH("רינת",T_Owner)),--(T_Status="הושלם")) | K5: ="פתוחות: "&COUNT(T_Tamar)&" · ⏰ באיחור: "&SUMPRODUCT(--ISNUMBER(SEARCH("תמר",T_Owner)),--(T_Eff="באיחור"))&" · ✅ הושלמו: "&SUMPRODUCT(--ISNUMBER(SEARCH("תמר",T_Owner)),--(T_Status="הושלם")) | P5: ="פתוחות: "&COUNT(T_Other)
A6: ID | B6: משימה | C6: 🎯 יעד | D6: ⚡ מצב | F6: ID | G6: משימה | H6: 🎯 יעד | I6: ⚡ מצב | K6: ID | L6: משימה | M6: 🎯 יעד | N6: ⚡ מצב | P6: ID | Q6: משימה | R6: 🎯 יעד | S6: ⚡ מצב
A7: =IF($Y7="","",INDEX(T_ID,$Y7)) | B7: =IF($Y7="","",INDEX(T_Task,$Y7)) | C7: =IF($Y7="","",INDEX(T_Due,$Y7)) | D7: =IF($Y7="","",INDEX(T_Eff,$Y7)) | F7: =IF($Z7="","",INDEX(T_ID,$Z7)) | G7: =IF($Z7="","",INDEX(T_Task,$Z7)) | H7: =IF($Z7="","",INDEX(T_Due,$Z7)) | I7: =IF($Z7="","",INDEX(T_Eff,$Z7)) | K7: =IF($AA7="","",INDEX(T_ID,$AA7)) | L7: =IF($AA7="","",INDEX(T_Task,$AA7)) | M7: =IF($AA7="","",INDEX(T_Due,$AA7)) | N7: =IF($AA7="","",INDEX(T_Eff,$AA7)) | P7: =IF($AB7="","",INDEX(T_ID,$AB7)) | Q7: =IF($AB7="","",INDEX(T_Task,$AB7)) | R7: =IF($AB7="","",INDEX(T_Due,$AB7)) | S7: =IF($AB7="","",INDEX(T_Eff,$AB7)) | Y7: =IFERROR(MATCH(SMALL(T_Ariel,1),T_Ariel,0),"") | Z7: =IFERROR(MATCH(SMALL(T_Rinat,1),T_Rinat,0),"") | AA7: =IFERROR(MATCH(SMALL(T_Tamar,1),T_Tamar,0),"") | AB7: =IFERROR(MATCH(SMALL(T_Other,1),T_Other,0),"")
A8: =IF($Y8="","",INDEX(T_ID,$Y8)) | B8: =IF($Y8="","",INDEX(T_Task,$Y8)) | C8: =IF($Y8="","",INDEX(T_Due,$Y8)) | D8: =IF($Y8="","",INDEX(T_Eff,$Y8)) | F8: =IF($Z8="","",INDEX(T_ID,$Z8)) | G8: =IF($Z8="","",INDEX(T_Task,$Z8)) | H8: =IF($Z8="","",INDEX(T_Due,$Z8)) | I8: =IF($Z8="","",INDEX(T_Eff,$Z8)) | K8: =IF($AA8="","",INDEX(T_ID,$AA8)) | L8: =IF($AA8="","",INDEX(T_Task,$AA8)) | M8: =IF($AA8="","",INDEX(T_Due,$AA8)) | N8: =IF($AA8="","",INDEX(T_Eff,$AA8)) | P8: =IF($AB8="","",INDEX(T_ID,$AB8)) | Q8: =IF($AB8="","",INDEX(T_Task,$AB8)) | R8: =IF($AB8="","",INDEX(T_Due,$AB8)) | S8: =IF($AB8="","",INDEX(T_Eff,$AB8)) | Y8: =IFERROR(MATCH(SMALL(T_Ariel,2),T_Ariel,0),"") | Z8: =IFERROR(MATCH(SMALL(T_Rinat,2),T_Rinat,0),"") | AA8: =IFERROR(MATCH(SMALL(T_Tamar,2),T_Tamar,0),"") | AB8: =IFERROR(MATCH(SMALL(T_Other,2),T_Other,0),"")
A9: =IF($Y9="","",INDEX(T_ID,$Y9)) | B9: =IF($Y9="","",INDEX(T_Task,$Y9)) | C9: =IF($Y9="","",INDEX(T_Due,$Y9)) | D9: =IF($Y9="","",INDEX(T_Eff,$Y9)) | F9: =IF($Z9="","",INDEX(T_ID,$Z9)) | G9: =IF($Z9="","",INDEX(T_Task,$Z9)) | H9: =IF($Z9="","",INDEX(T_Due,$Z9)) | I9: =IF($Z9="","",INDEX(T_Eff,$Z9)) | K9: =IF($AA9="","",INDEX(T_ID,$AA9)) | L9: =IF($AA9="","",INDEX(T_Task,$AA9)) | M9: =IF($AA9="","",INDEX(T_Due,$AA9)) | N9: =IF($AA9="","",INDEX(T_Eff,$AA9)) | P9: =IF($AB9="","",INDEX(T_ID,$AB9)) | Q9: =IF($AB9="","",INDEX(T_Task,$AB9)) | R9: =IF($AB9="","",INDEX(T_Due,$AB9)) | S9: =IF($AB9="","",INDEX(T_Eff,$AB9)) | Y9: =IFERROR(MATCH(SMALL(T_Ariel,3),T_Ariel,0),"") | Z9: =IFERROR(MATCH(SMALL(T_Rinat,3),T_Rinat,0),"") | AA9: =IFERROR(MATCH(SMALL(T_Tamar,3),T_Tamar,0),"") | AB9: =IFERROR(MATCH(SMALL(T_Other,3),T_Other,0),"")
A10: =IF($Y10="","",INDEX(T_ID,$Y10)) | B10: =IF($Y10="","",INDEX(T_Task,$Y10)) | C10: =IF($Y10="","",INDEX(T_Due,$Y10)) | D10: =IF($Y10="","",INDEX(T_Eff,$Y10)) | F10: =IF($Z10="","",INDEX(T_ID,$Z10)) | G10: =IF($Z10="","",INDEX(T_Task,$Z10)) | H10: =IF($Z10="","",INDEX(T_Due,$Z10)) | I10: =IF($Z10="","",INDEX(T_Eff,$Z10)) | K10: =IF($AA10="","",INDEX(T_ID,$AA10)) | L10: =IF($AA10="","",INDEX(T_Task,$AA10)) | M10: =IF($AA10="","",INDEX(T_Due,$AA10)) | N10: =IF($AA10="","",INDEX(T_Eff,$AA10)) | P10: =IF($AB10="","",INDEX(T_ID,$AB10)) | Q10: =IF($AB10="","",INDEX(T_Task,$AB10)) | R10: =IF($AB10="","",INDEX(T_Due,$AB10)) | S10: =IF($AB10="","",INDEX(T_Eff,$AB10)) | Y10: =IFERROR(MATCH(SMALL(T_Ariel,4),T_Ariel,0),"") | Z10: =IFERROR(MATCH(SMALL(T_Rinat,4),T_Rinat,0),"") | AA10: =IFERROR(MATCH(SMALL(T_Tamar,4),T_Tamar,0),"") | AB10: =IFERROR(MATCH(SMALL(T_Other,4),T_Other,0),"")
A11: =IF($Y11="","",INDEX(T_ID,$Y11)) | B11: =IF($Y11="","",INDEX(T_Task,$Y11)) | C11: =IF($Y11="","",INDEX(T_Due,$Y11)) | D11: =IF($Y11="","",INDEX(T_Eff,$Y11)) | F11: =IF($Z11="","",INDEX(T_ID,$Z11)) | G11: =IF($Z11="","",INDEX(T_Task,$Z11)) | H11: =IF($Z11="","",INDEX(T_Due,$Z11)) | I11: =IF($Z11="","",INDEX(T_Eff,$Z11)) | K11: =IF($AA11="","",INDEX(T_ID,$AA11)) | L11: =IF($AA11="","",INDEX(T_Task,$AA11)) | M11: =IF($AA11="","",INDEX(T_Due,$AA11)) | N11: =IF($AA11="","",INDEX(T_Eff,$AA11)) | P11: =IF($AB11="","",INDEX(T_ID,$AB11)) | Q11: =IF($AB11="","",INDEX(T_Task,$AB11)) | R11: =IF($AB11="","",INDEX(T_Due,$AB11)) | S11: =IF($AB11="","",INDEX(T_Eff,$AB11)) | Y11: =IFERROR(MATCH(SMALL(T_Ariel,5),T_Ariel,0),"") | Z11: =IFERROR(MATCH(SMALL(T_Rinat,5),T_Rinat,0),"") | AA11: =IFERROR(MATCH(SMALL(T_Tamar,5),T_Tamar,0),"") | AB11: =IFERROR(MATCH(SMALL(T_Other,5),T_Other,0),"")
A12: =IF($Y12="","",INDEX(T_ID,$Y12)) | B12: =IF($Y12="","",INDEX(T_Task,$Y12)) | C12: =IF($Y12="","",INDEX(T_Due,$Y12)) | D12: =IF($Y12="","",INDEX(T_Eff,$Y12)) | F12: =IF($Z12="","",INDEX(T_ID,$Z12)) | G12: =IF($Z12="","",INDEX(T_Task,$Z12)) | H12: =IF($Z12="","",INDEX(T_Due,$Z12)) | I12: =IF($Z12="","",INDEX(T_Eff,$Z12)) | K12: =IF($AA12="","",INDEX(T_ID,$AA12)) | L12: =IF($AA12="","",INDEX(T_Task,$AA12)) | M12: =IF($AA12="","",INDEX(T_Due,$AA12)) | N12: =IF($AA12="","",INDEX(T_Eff,$AA12)) | P12: =IF($AB12="","",INDEX(T_ID,$AB12)) | Q12: =IF($AB12="","",INDEX(T_Task,$AB12)) | R12: =IF($AB12="","",INDEX(T_Due,$AB12)) | S12: =IF($AB12="","",INDEX(T_Eff,$AB12)) | Y12: =IFERROR(MATCH(SMALL(T_Ariel,6),T_Ariel,0),"") | Z12: =IFERROR(MATCH(SMALL(T_Rinat,6),T_Rinat,0),"") | AA12: =IFERROR(MATCH(SMALL(T_Tamar,6),T_Tamar,0),"") | AB12: =IFERROR(MATCH(SMALL(T_Other,6),T_Other,0),"")
A13: =IF($Y13="","",INDEX(T_ID,$Y13)) | B13: =IF($Y13="","",INDEX(T_Task,$Y13)) | C13: =IF($Y13="","",INDEX(T_Due,$Y13)) | D13: =IF($Y13="","",INDEX(T_Eff,$Y13)) | F13: =IF($Z13="","",INDEX(T_ID,$Z13)) | G13: =IF($Z13="","",INDEX(T_Task,$Z13)) | H13: =IF($Z13="","",INDEX(T_Due,$Z13)) | I13: =IF($Z13="","",INDEX(T_Eff,$Z13)) | K13: =IF($AA13="","",INDEX(T_ID,$AA13)) | L13: =IF($AA13="","",INDEX(T_Task,$AA13)) | M13: =IF($AA13="","",INDEX(T_Due,$AA13)) | N13: =IF($AA13="","",INDEX(T_Eff,$AA13)) | P13: =IF($AB13="","",INDEX(T_ID,$AB13)) | Q13: =IF($AB13="","",INDEX(T_Task,$AB13)) | R13: =IF($AB13="","",INDEX(T_Due,$AB13)) | S13: =IF($AB13="","",INDEX(T_Eff,$AB13)) | Y13: =IFERROR(MATCH(SMALL(T_Ariel,7),T_Ariel,0),"") | Z13: =IFERROR(MATCH(SMALL(T_Rinat,7),T_Rinat,0),"") | AA13: =IFERROR(MATCH(SMALL(T_Tamar,7),T_Tamar,0),"") | AB13: =IFERROR(MATCH(SMALL(T_Other,7),T_Other,0),"")
A14: =IF($Y14="","",INDEX(T_ID,$Y14)) | B14: =IF($Y14="","",INDEX(T_Task,$Y14)) | C14: =IF($Y14="","",INDEX(T_Due,$Y14)) | D14: =IF($Y14="","",INDEX(T_Eff,$Y14)) | F14: =IF($Z14="","",INDEX(T_ID,$Z14)) | G14: =IF($Z14="","",INDEX(T_Task,$Z14)) | H14: =IF($Z14="","",INDEX(T_Due,$Z14)) | I14: =IF($Z14="","",INDEX(T_Eff,$Z14)) | K14: =IF($AA14="","",INDEX(T_ID,$AA14)) | L14: =IF($AA14="","",INDEX(T_Task,$AA14)) | M14: =IF($AA14="","",INDEX(T_Due,$AA14)) | N14: =IF($AA14="","",INDEX(T_Eff,$AA14)) | P14: =IF($AB14="","",INDEX(T_ID,$AB14)) | Q14: =IF($AB14="","",INDEX(T_Task,$AB14)) | R14: =IF($AB14="","",INDEX(T_Due,$AB14)) | S14: =IF($AB14="","",INDEX(T_Eff,$AB14)) | Y14: =IFERROR(MATCH(SMALL(T_Ariel,8),T_Ariel,0),"") | Z14: =IFERROR(MATCH(SMALL(T_Rinat,8),T_Rinat,0),"") | AA14: =IFERROR(MATCH(SMALL(T_Tamar,8),T_Tamar,0),"") | AB14: =IFERROR(MATCH(SMALL(T_Other,8),T_Other,0),"")
A15: =IF($Y15="","",INDEX(T_ID,$Y15)) | B15: =IF($Y15="","",INDEX(T_Task,$Y15)) | C15: =IF($Y15="","",INDEX(T_Due,$Y15)) | D15: =IF($Y15="","",INDEX(T_Eff,$Y15)) | F15: =IF($Z15="","",INDEX(T_ID,$Z15)) | G15: =IF($Z15="","",INDEX(T_Task,$Z15)) | H15: =IF($Z15="","",INDEX(T_Due,$Z15)) | I15: =IF($Z15="","",INDEX(T_Eff,$Z15)) | K15: =IF($AA15="","",INDEX(T_ID,$AA15)) | L15: =IF($AA15="","",INDEX(T_Task,$AA15)) | M15: =IF($AA15="","",INDEX(T_Due,$AA15)) | N15: =IF($AA15="","",INDEX(T_Eff,$AA15)) | P15: =IF($AB15="","",INDEX(T_ID,$AB15)) | Q15: =IF($AB15="","",INDEX(T_Task,$AB15)) | R15: =IF($AB15="","",INDEX(T_Due,$AB15)) | S15: =IF($AB15="","",INDEX(T_Eff,$AB15)) | Y15: =IFERROR(MATCH(SMALL(T_Ariel,9),T_Ariel,0),"") | Z15: =IFERROR(MATCH(SMALL(T_Rinat,9),T_Rinat,0),"") | AA15: =IFERROR(MATCH(SMALL(T_Tamar,9),T_Tamar,0),"") | AB15: =IFERROR(MATCH(SMALL(T_Other,9),T_Other,0),"")
A16: =IF($Y16="","",INDEX(T_ID,$Y16)) | B16: =IF($Y16="","",INDEX(T_Task,$Y16)) | C16: =IF($Y16="","",INDEX(T_Due,$Y16)) | D16: =IF($Y16="","",INDEX(T_Eff,$Y16)) | F16: =IF($Z16="","",INDEX(T_ID,$Z16)) | G16: =IF($Z16="","",INDEX(T_Task,$Z16)) | H16: =IF($Z16="","",INDEX(T_Due,$Z16)) | I16: =IF($Z16="","",INDEX(T_Eff,$Z16)) | K16: =IF($AA16="","",INDEX(T_ID,$AA16)) | L16: =IF($AA16="","",INDEX(T_Task,$AA16)) | M16: =IF($AA16="","",INDEX(T_Due,$AA16)) | N16: =IF($AA16="","",INDEX(T_Eff,$AA16)) | P16: =IF($AB16="","",INDEX(T_ID,$AB16)) | Q16: =IF($AB16="","",INDEX(T_Task,$AB16)) | R16: =IF($AB16="","",INDEX(T_Due,$AB16)) | S16: =IF($AB16="","",INDEX(T_Eff,$AB16)) | Y16: =IFERROR(MATCH(SMALL(T_Ariel,10),T_Ariel,0),"") | Z16: =IFERROR(MATCH(SMALL(T_Rinat,10),T_Rinat,0),"") | AA16: =IFERROR(MATCH(SMALL(T_Tamar,10),T_Tamar,0),"") | AB16: =IFERROR(MATCH(SMALL(T_Other,10),T_Other,0),"")
A17: =IF($Y17="","",INDEX(T_ID,$Y17)) | B17: =IF($Y17="","",INDEX(T_Task,$Y17)) | C17: =IF($Y17="","",INDEX(T_Due,$Y17)) | D17: =IF($Y17="","",INDEX(T_Eff,$Y17)) | F17: =IF($Z17="","",INDEX(T_ID,$Z17)) | G17: =IF($Z17="","",INDEX(T_Task,$Z17)) | H17: =IF($Z17="","",INDEX(T_Due,$Z17)) | I17: =IF($Z17="","",INDEX(T_Eff,$Z17)) | K17: =IF($AA17="","",INDEX(T_ID,$AA17)) | L17: =IF($AA17="","",INDEX(T_Task,$AA17)) | M17: =IF($AA17="","",INDEX(T_Due,$AA17)) | N17: =IF($AA17="","",INDEX(T_Eff,$AA17)) | P17: =IF($AB17="","",INDEX(T_ID,$AB17)) | Q17: =IF($AB17="","",INDEX(T_Task,$AB17)) | R17: =IF($AB17="","",INDEX(T_Due,$AB17)) | S17: =IF($AB17="","",INDEX(T_Eff,$AB17)) | Y17: =IFERROR(MATCH(SMALL(T_Ariel,11),T_Ariel,0),"") | Z17: =IFERROR(MATCH(SMALL(T_Rinat,11),T_Rinat,0),"") | AA17: =IFERROR(MATCH(SMALL(T_Tamar,11),T_Tamar,0),"") | AB17: =IFERROR(MATCH(SMALL(T_Other,11),T_Other,0),"")
A18: =IF($Y18="","",INDEX(T_ID,$Y18)) | B18: =IF($Y18="","",INDEX(T_Task,$Y18)) | C18: =IF($Y18="","",INDEX(T_Due,$Y18)) | D18: =IF($Y18="","",INDEX(T_Eff,$Y18)) | F18: =IF($Z18="","",INDEX(T_ID,$Z18)) | G18: =IF($Z18="","",INDEX(T_Task,$Z18)) | H18: =IF($Z18="","",INDEX(T_Due,$Z18)) | I18: =IF($Z18="","",INDEX(T_Eff,$Z18)) | K18: =IF($AA18="","",INDEX(T_ID,$AA18)) | L18: =IF($AA18="","",INDEX(T_Task,$AA18)) | M18: =IF($AA18="","",INDEX(T_Due,$AA18)) | N18: =IF($AA18="","",INDEX(T_Eff,$AA18)) | P18: =IF($AB18="","",INDEX(T_ID,$AB18)) | Q18: =IF($AB18="","",INDEX(T_Task,$AB18)) | R18: =IF($AB18="","",INDEX(T_Due,$AB18)) | S18: =IF($AB18="","",INDEX(T_Eff,$AB18)) | Y18: =IFERROR(MATCH(SMALL(T_Ariel,12),T_Ariel,0),"") | Z18: =IFERROR(MATCH(SMALL(T_Rinat,12),T_Rinat,0),"") | AA18: =IFERROR(MATCH(SMALL(T_Tamar,12),T_Tamar,0),"") | AB18: =IFERROR(MATCH(SMALL(T_Other,12),T_Other,0),"")
A19: =IF($Y19="","",INDEX(T_ID,$Y19)) | B19: =IF($Y19="","",INDEX(T_Task,$Y19)) | C19: =IF($Y19="","",INDEX(T_Due,$Y19)) | D19: =IF($Y19="","",INDEX(T_Eff,$Y19)) | F19: =IF($Z19="","",INDEX(T_ID,$Z19)) | G19: =IF($Z19="","",INDEX(T_Task,$Z19)) | H19: =IF($Z19="","",INDEX(T_Due,$Z19)) | I19: =IF($Z19="","",INDEX(T_Eff,$Z19)) | K19: =IF($AA19="","",INDEX(T_ID,$AA19)) | L19: =IF($AA19="","",INDEX(T_Task,$AA19)) | M19: =IF($AA19="","",INDEX(T_Due,$AA19)) | N19: =IF($AA19="","",INDEX(T_Eff,$AA19)) | P19: =IF($AB19="","",INDEX(T_ID,$AB19)) | Q19: =IF($AB19="","",INDEX(T_Task,$AB19)) | R19: =IF($AB19="","",INDEX(T_Due,$AB19)) | S19: =IF($AB19="","",INDEX(T_Eff,$AB19)) | Y19: =IFERROR(MATCH(SMALL(T_Ariel,13),T_Ariel,0),"") | Z19: =IFERROR(MATCH(SMALL(T_Rinat,13),T_Rinat,0),"") | AA19: =IFERROR(MATCH(SMALL(T_Tamar,13),T_Tamar,0),"") | AB19: =IFERROR(MATCH(SMALL(T_Other,13),T_Other,0),"")
A20: =IF($Y20="","",INDEX(T_ID,$Y20)) | B20: =IF($Y20="","",INDEX(T_Task,$Y20)) | C20: =IF($Y20="","",INDEX(T_Due,$Y20)) | D20: =IF($Y20="","",INDEX(T_Eff,$Y20)) | F20: =IF($Z20="","",INDEX(T_ID,$Z20)) | G20: =IF($Z20="","",INDEX(T_Task,$Z20)) | H20: =IF($Z20="","",INDEX(T_Due,$Z20)) | I20: =IF($Z20="","",INDEX(T_Eff,$Z20)) | K20: =IF($AA20="","",INDEX(T_ID,$AA20)) | L20: =IF($AA20="","",INDEX(T_Task,$AA20)) | M20: =IF($AA20="","",INDEX(T_Due,$AA20)) | N20: =IF($AA20="","",INDEX(T_Eff,$AA20)) | P20: =IF($AB20="","",INDEX(T_ID,$AB20)) | Q20: =IF($AB20="","",INDEX(T_Task,$AB20)) | R20: =IF($AB20="","",INDEX(T_Due,$AB20)) | S20: =IF($AB20="","",INDEX(T_Eff,$AB20)) | Y20: =IFERROR(MATCH(SMALL(T_Ariel,14),T_Ariel,0),"") | Z20: =IFERROR(MATCH(SMALL(T_Rinat,14),T_Rinat,0),"") | AA20: =IFERROR(MATCH(SMALL(T_Tamar,14),T_Tamar,0),"") | AB20: =IFERROR(MATCH(SMALL(T_Other,14),T_Other,0),"")
A21: =IF($Y21="","",INDEX(T_ID,$Y21)) | B21: =IF($Y21="","",INDEX(T_Task,$Y21)) | C21: =IF($Y21="","",INDEX(T_Due,$Y21)) | D21: =IF($Y21="","",INDEX(T_Eff,$Y21)) | F21: =IF($Z21="","",INDEX(T_ID,$Z21)) | G21: =IF($Z21="","",INDEX(T_Task,$Z21)) | H21: =IF($Z21="","",INDEX(T_Due,$Z21)) | I21: =IF($Z21="","",INDEX(T_Eff,$Z21)) | K21: =IF($AA21="","",INDEX(T_ID,$AA21)) | L21: =IF($AA21="","",INDEX(T_Task,$AA21)) | M21: =IF($AA21="","",INDEX(T_Due,$AA21)) | N21: =IF($AA21="","",INDEX(T_Eff,$AA21)) | P21: =IF($AB21="","",INDEX(T_ID,$AB21)) | Q21: =IF($AB21="","",INDEX(T_Task,$AB21)) | R21: =IF($AB21="","",INDEX(T_Due,$AB21)) | S21: =IF($AB21="","",INDEX(T_Eff,$AB21)) | Y21: =IFERROR(MATCH(SMALL(T_Ariel,15),T_Ariel,0),"") | Z21: =IFERROR(MATCH(SMALL(T_Rinat,15),T_Rinat,0),"") | AA21: =IFERROR(MATCH(SMALL(T_Tamar,15),T_Tamar,0),"") | AB21: =IFERROR(MATCH(SMALL(T_Other,15),T_Other,0),"")
A22: =IF($Y22="","",INDEX(T_ID,$Y22)) | B22: =IF($Y22="","",INDEX(T_Task,$Y22)) | C22: =IF($Y22="","",INDEX(T_Due,$Y22)) | D22: =IF($Y22="","",INDEX(T_Eff,$Y22)) | F22: =IF($Z22="","",INDEX(T_ID,$Z22)) | G22: =IF($Z22="","",INDEX(T_Task,$Z22)) | H22: =IF($Z22="","",INDEX(T_Due,$Z22)) | I22: =IF($Z22="","",INDEX(T_Eff,$Z22)) | K22: =IF($AA22="","",INDEX(T_ID,$AA22)) | L22: =IF($AA22="","",INDEX(T_Task,$AA22)) | M22: =IF($AA22="","",INDEX(T_Due,$AA22)) | N22: =IF($AA22="","",INDEX(T_Eff,$AA22)) | P22: =IF($AB22="","",INDEX(T_ID,$AB22)) | Q22: =IF($AB22="","",INDEX(T_Task,$AB22)) | R22: =IF($AB22="","",INDEX(T_Due,$AB22)) | S22: =IF($AB22="","",INDEX(T_Eff,$AB22)) | Y22: =IFERROR(MATCH(SMALL(T_Ariel,16),T_Ariel,0),"") | Z22: =IFERROR(MATCH(SMALL(T_Rinat,16),T_Rinat,0),"") | AA22: =IFERROR(MATCH(SMALL(T_Tamar,16),T_Tamar,0),"") | AB22: =IFERROR(MATCH(SMALL(T_Other,16),T_Other,0),"")
A23: =IF($Y23="","",INDEX(T_ID,$Y23)) | B23: =IF($Y23="","",INDEX(T_Task,$Y23)) | C23: =IF($Y23="","",INDEX(T_Due,$Y23)) | D23: =IF($Y23="","",INDEX(T_Eff,$Y23)) | F23: =IF($Z23="","",INDEX(T_ID,$Z23)) | G23: =IF($Z23="","",INDEX(T_Task,$Z23)) | H23: =IF($Z23="","",INDEX(T_Due,$Z23)) | I23: =IF($Z23="","",INDEX(T_Eff,$Z23)) | K23: =IF($AA23="","",INDEX(T_ID,$AA23)) | L23: =IF($AA23="","",INDEX(T_Task,$AA23)) | M23: =IF($AA23="","",INDEX(T_Due,$AA23)) | N23: =IF($AA23="","",INDEX(T_Eff,$AA23)) | P23: =IF($AB23="","",INDEX(T_ID,$AB23)) | Q23: =IF($AB23="","",INDEX(T_Task,$AB23)) | R23: =IF($AB23="","",INDEX(T_Due,$AB23)) | S23: =IF($AB23="","",INDEX(T_Eff,$AB23)) | Y23: =IFERROR(MATCH(SMALL(T_Ariel,17),T_Ariel,0),"") | Z23: =IFERROR(MATCH(SMALL(T_Rinat,17),T_Rinat,0),"") | AA23: =IFERROR(MATCH(SMALL(T_Tamar,17),T_Tamar,0),"") | AB23: =IFERROR(MATCH(SMALL(T_Other,17),T_Other,0),"")
A24: =IF($Y24="","",INDEX(T_ID,$Y24)) | B24: =IF($Y24="","",INDEX(T_Task,$Y24)) | C24: =IF($Y24="","",INDEX(T_Due,$Y24)) | D24: =IF($Y24="","",INDEX(T_Eff,$Y24)) | F24: =IF($Z24="","",INDEX(T_ID,$Z24)) | G24: =IF($Z24="","",INDEX(T_Task,$Z24)) | H24: =IF($Z24="","",INDEX(T_Due,$Z24)) | I24: =IF($Z24="","",INDEX(T_Eff,$Z24)) | K24: =IF($AA24="","",INDEX(T_ID,$AA24)) | L24: =IF($AA24="","",INDEX(T_Task,$AA24)) | M24: =IF($AA24="","",INDEX(T_Due,$AA24)) | N24: =IF($AA24="","",INDEX(T_Eff,$AA24)) | P24: =IF($AB24="","",INDEX(T_ID,$AB24)) | Q24: =IF($AB24="","",INDEX(T_Task,$AB24)) | R24: =IF($AB24="","",INDEX(T_Due,$AB24)) | S24: =IF($AB24="","",INDEX(T_Eff,$AB24)) | Y24: =IFERROR(MATCH(SMALL(T_Ariel,18),T_Ariel,0),"") | Z24: =IFERROR(MATCH(SMALL(T_Rinat,18),T_Rinat,0),"") | AA24: =IFERROR(MATCH(SMALL(T_Tamar,18),T_Tamar,0),"") | AB24: =IFERROR(MATCH(SMALL(T_Other,18),T_Other,0),"")
A25: =IF($Y25="","",INDEX(T_ID,$Y25)) | B25: =IF($Y25="","",INDEX(T_Task,$Y25)) | C25: =IF($Y25="","",INDEX(T_Due,$Y25)) | D25: =IF($Y25="","",INDEX(T_Eff,$Y25)) | F25: =IF($Z25="","",INDEX(T_ID,$Z25)) | G25: =IF($Z25="","",INDEX(T_Task,$Z25)) | H25: =IF($Z25="","",INDEX(T_Due,$Z25)) | I25: =IF($Z25="","",INDEX(T_Eff,$Z25)) | K25: =IF($AA25="","",INDEX(T_ID,$AA25)) | L25: =IF($AA25="","",INDEX(T_Task,$AA25)) | M25: =IF($AA25="","",INDEX(T_Due,$AA25)) | N25: =IF($AA25="","",INDEX(T_Eff,$AA25)) | P25: =IF($AB25="","",INDEX(T_ID,$AB25)) | Q25: =IF($AB25="","",INDEX(T_Task,$AB25)) | R25: =IF($AB25="","",INDEX(T_Due,$AB25)) | S25: =IF($AB25="","",INDEX(T_Eff,$AB25)) | Y25: =IFERROR(MATCH(SMALL(T_Ariel,19),T_Ariel,0),"") | Z25: =IFERROR(MATCH(SMALL(T_Rinat,19),T_Rinat,0),"") | AA25: =IFERROR(MATCH(SMALL(T_Tamar,19),T_Tamar,0),"") | AB25: =IFERROR(MATCH(SMALL(T_Other,19),T_Other,0),"")
A26: =IF($Y26="","",INDEX(T_ID,$Y26)) | B26: =IF($Y26="","",INDEX(T_Task,$Y26)) | C26: =IF($Y26="","",INDEX(T_Due,$Y26)) | D26: =IF($Y26="","",INDEX(T_Eff,$Y26)) | F26: =IF($Z26="","",INDEX(T_ID,$Z26)) | G26: =IF($Z26="","",INDEX(T_Task,$Z26)) | H26: =IF($Z26="","",INDEX(T_Due,$Z26)) | I26: =IF($Z26="","",INDEX(T_Eff,$Z26)) | K26: =IF($AA26="","",INDEX(T_ID,$AA26)) | L26: =IF($AA26="","",INDEX(T_Task,$AA26)) | M26: =IF($AA26="","",INDEX(T_Due,$AA26)) | N26: =IF($AA26="","",INDEX(T_Eff,$AA26)) | P26: =IF($AB26="","",INDEX(T_ID,$AB26)) | Q26: =IF($AB26="","",INDEX(T_Task,$AB26)) | R26: =IF($AB26="","",INDEX(T_Due,$AB26)) | S26: =IF($AB26="","",INDEX(T_Eff,$AB26)) | Y26: =IFERROR(MATCH(SMALL(T_Ariel,20),T_Ariel,0),"") | Z26: =IFERROR(MATCH(SMALL(T_Rinat,20),T_Rinat,0),"") | AA26: =IFERROR(MATCH(SMALL(T_Tamar,20),T_Tamar,0),"") | AB26: =IFERROR(MATCH(SMALL(T_Other,20),T_Other,0),"")
A27: =IF($Y27="","",INDEX(T_ID,$Y27)) | B27: =IF($Y27="","",INDEX(T_Task,$Y27)) | C27: =IF($Y27="","",INDEX(T_Due,$Y27)) | D27: =IF($Y27="","",INDEX(T_Eff,$Y27)) | F27: =IF($Z27="","",INDEX(T_ID,$Z27)) | G27: =IF($Z27="","",INDEX(T_Task,$Z27)) | H27: =IF($Z27="","",INDEX(T_Due,$Z27)) | I27: =IF($Z27="","",INDEX(T_Eff,$Z27)) | K27: =IF($AA27="","",INDEX(T_ID,$AA27)) | L27: =IF($AA27="","",INDEX(T_Task,$AA27)) | M27: =IF($AA27="","",INDEX(T_Due,$AA27)) | N27: =IF($AA27="","",INDEX(T_Eff,$AA27)) | P27: =IF($AB27="","",INDEX(T_ID,$AB27)) | Q27: =IF($AB27="","",INDEX(T_Task,$AB27)) | R27: =IF($AB27="","",INDEX(T_Due,$AB27)) | S27: =IF($AB27="","",INDEX(T_Eff,$AB27)) | Y27: =IFERROR(MATCH(SMALL(T_Ariel,21),T_Ariel,0),"") | Z27: =IFERROR(MATCH(SMALL(T_Rinat,21),T_Rinat,0),"") | AA27: =IFERROR(MATCH(SMALL(T_Tamar,21),T_Tamar,0),"") | AB27: =IFERROR(MATCH(SMALL(T_Other,21),T_Other,0),"")
A28: =IF($Y28="","",INDEX(T_ID,$Y28)) | B28: =IF($Y28="","",INDEX(T_Task,$Y28)) | C28: =IF($Y28="","",INDEX(T_Due,$Y28)) | D28: =IF($Y28="","",INDEX(T_Eff,$Y28)) | F28: =IF($Z28="","",INDEX(T_ID,$Z28)) | G28: =IF($Z28="","",INDEX(T_Task,$Z28)) | H28: =IF($Z28="","",INDEX(T_Due,$Z28)) | I28: =IF($Z28="","",INDEX(T_Eff,$Z28)) | K28: =IF($AA28="","",INDEX(T_ID,$AA28)) | L28: =IF($AA28="","",INDEX(T_Task,$AA28)) | M28: =IF($AA28="","",INDEX(T_Due,$AA28)) | N28: =IF($AA28="","",INDEX(T_Eff,$AA28)) | P28: =IF($AB28="","",INDEX(T_ID,$AB28)) | Q28: =IF($AB28="","",INDEX(T_Task,$AB28)) | R28: =IF($AB28="","",INDEX(T_Due,$AB28)) | S28: =IF($AB28="","",INDEX(T_Eff,$AB28)) | Y28: =IFERROR(MATCH(SMALL(T_Ariel,22),T_Ariel,0),"") | Z28: =IFERROR(MATCH(SMALL(T_Rinat,22),T_Rinat,0),"") | AA28: =IFERROR(MATCH(SMALL(T_Tamar,22),T_Tamar,0),"") | AB28: =IFERROR(MATCH(SMALL(T_Other,22),T_Other,0),"")
A29: =IF($Y29="","",INDEX(T_ID,$Y29)) | B29: =IF($Y29="","",INDEX(T_Task,$Y29)) | C29: =IF($Y29="","",INDEX(T_Due,$Y29)) | D29: =IF($Y29="","",INDEX(T_Eff,$Y29)) | F29: =IF($Z29="","",INDEX(T_ID,$Z29)) | G29: =IF($Z29="","",INDEX(T_Task,$Z29)) | H29: =IF($Z29="","",INDEX(T_Due,$Z29)) | I29: =IF($Z29="","",INDEX(T_Eff,$Z29)) | K29: =IF($AA29="","",INDEX(T_ID,$AA29)) | L29: =IF($AA29="","",INDEX(T_Task,$AA29)) | M29: =IF($AA29="","",INDEX(T_Due,$AA29)) | N29: =IF($AA29="","",INDEX(T_Eff,$AA29)) | P29: =IF($AB29="","",INDEX(T_ID,$AB29)) | Q29: =IF($AB29="","",INDEX(T_Task,$AB29)) | R29: =IF($AB29="","",INDEX(T_Due,$AB29)) | S29: =IF($AB29="","",INDEX(T_Eff,$AB29)) | Y29: =IFERROR(MATCH(SMALL(T_Ariel,23),T_Ariel,0),"") | Z29: =IFERROR(MATCH(SMALL(T_Rinat,23),T_Rinat,0),"") | AA29: =IFERROR(MATCH(SMALL(T_Tamar,23),T_Tamar,0),"") | AB29: =IFERROR(MATCH(SMALL(T_Other,23),T_Other,0),"")
A30: =IF($Y30="","",INDEX(T_ID,$Y30)) | B30: =IF($Y30="","",INDEX(T_Task,$Y30)) | C30: =IF($Y30="","",INDEX(T_Due,$Y30)) | D30: =IF($Y30="","",INDEX(T_Eff,$Y30)) | F30: =IF($Z30="","",INDEX(T_ID,$Z30)) | G30: =IF($Z30="","",INDEX(T_Task,$Z30)) | H30: =IF($Z30="","",INDEX(T_Due,$Z30)) | I30: =IF($Z30="","",INDEX(T_Eff,$Z30)) | K30: =IF($AA30="","",INDEX(T_ID,$AA30)) | L30: =IF($AA30="","",INDEX(T_Task,$AA30)) | M30: =IF($AA30="","",INDEX(T_Due,$AA30)) | N30: =IF($AA30="","",INDEX(T_Eff,$AA30)) | P30: =IF($AB30="","",INDEX(T_ID,$AB30)) | Q30: =IF($AB30="","",INDEX(T_Task,$AB30)) | R30: =IF($AB30="","",INDEX(T_Due,$AB30)) | S30: =IF($AB30="","",INDEX(T_Eff,$AB30)) | Y30: =IFERROR(MATCH(SMALL(T_Ariel,24),T_Ariel,0),"") | Z30: =IFERROR(MATCH(SMALL(T_Rinat,24),T_Rinat,0),"") | AA30: =IFERROR(MATCH(SMALL(T_Tamar,24),T_Tamar,0),"") | AB30: =IFERROR(MATCH(SMALL(T_Other,24),T_Other,0),"")
A31: =IF($Y31="","",INDEX(T_ID,$Y31)) | B31: =IF($Y31="","",INDEX(T_Task,$Y31)) | C31: =IF($Y31="","",INDEX(T_Due,$Y31)) | D31: =IF($Y31="","",INDEX(T_Eff,$Y31)) | F31: =IF($Z31="","",INDEX(T_ID,$Z31)) | G31: =IF($Z31="","",INDEX(T_Task,$Z31)) | H31: =IF($Z31="","",INDEX(T_Due,$Z31)) | I31: =IF($Z31="","",INDEX(T_Eff,$Z31)) | K31: =IF($AA31="","",INDEX(T_ID,$AA31)) | L31: =IF($AA31="","",INDEX(T_Task,$AA31)) | M31: =IF($AA31="","",INDEX(T_Due,$AA31)) | N31: =IF($AA31="","",INDEX(T_Eff,$AA31)) | P31: =IF($AB31="","",INDEX(T_ID,$AB31)) | Q31: =IF($AB31="","",INDEX(T_Task,$AB31)) | R31: =IF($AB31="","",INDEX(T_Due,$AB31)) | S31: =IF($AB31="","",INDEX(T_Eff,$AB31)) | Y31: =IFERROR(MATCH(SMALL(T_Ariel,25),T_Ariel,0),"") | Z31: =IFERROR(MATCH(SMALL(T_Rinat,25),T_Rinat,0),"") | AA31: =IFERROR(MATCH(SMALL(T_Tamar,25),T_Tamar,0),"") | AB31: =IFERROR(MATCH(SMALL(T_Other,25),T_Other,0),"")
A32: =IF($Y32="","",INDEX(T_ID,$Y32)) | B32: =IF($Y32="","",INDEX(T_Task,$Y32)) | C32: =IF($Y32="","",INDEX(T_Due,$Y32)) | D32: =IF($Y32="","",INDEX(T_Eff,$Y32)) | F32: =IF($Z32="","",INDEX(T_ID,$Z32)) | G32: =IF($Z32="","",INDEX(T_Task,$Z32)) | H32: =IF($Z32="","",INDEX(T_Due,$Z32)) | I32: =IF($Z32="","",INDEX(T_Eff,$Z32)) | K32: =IF($AA32="","",INDEX(T_ID,$AA32)) | L32: =IF($AA32="","",INDEX(T_Task,$AA32)) | M32: =IF($AA32="","",INDEX(T_Due,$AA32)) | N32: =IF($AA32="","",INDEX(T_Eff,$AA32)) | P32: =IF($AB32="","",INDEX(T_ID,$AB32)) | Q32: =IF($AB32="","",INDEX(T_Task,$AB32)) | R32: =IF($AB32="","",INDEX(T_Due,$AB32)) | S32: =IF($AB32="","",INDEX(T_Eff,$AB32)) | Y32: =IFERROR(MATCH(SMALL(T_Ariel,26),T_Ariel,0),"") | Z32: =IFERROR(MATCH(SMALL(T_Rinat,26),T_Rinat,0),"") | AA32: =IFERROR(MATCH(SMALL(T_Tamar,26),T_Tamar,0),"") | AB32: =IFERROR(MATCH(SMALL(T_Other,26),T_Other,0),"")
A33: =IF($Y33="","",INDEX(T_ID,$Y33)) | B33: =IF($Y33="","",INDEX(T_Task,$Y33)) | C33: =IF($Y33="","",INDEX(T_Due,$Y33)) | D33: =IF($Y33="","",INDEX(T_Eff,$Y33)) | F33: =IF($Z33="","",INDEX(T_ID,$Z33)) | G33: =IF($Z33="","",INDEX(T_Task,$Z33)) | H33: =IF($Z33="","",INDEX(T_Due,$Z33)) | I33: =IF($Z33="","",INDEX(T_Eff,$Z33)) | K33: =IF($AA33="","",INDEX(T_ID,$AA33)) | L33: =IF($AA33="","",INDEX(T_Task,$AA33)) | M33: =IF($AA33="","",INDEX(T_Due,$AA33)) | N33: =IF($AA33="","",INDEX(T_Eff,$AA33)) | P33: =IF($AB33="","",INDEX(T_ID,$AB33)) | Q33: =IF($AB33="","",INDEX(T_Task,$AB33)) | R33: =IF($AB33="","",INDEX(T_Due,$AB33)) | S33: =IF($AB33="","",INDEX(T_Eff,$AB33)) | Y33: =IFERROR(MATCH(SMALL(T_Ariel,27),T_Ariel,0),"") | Z33: =IFERROR(MATCH(SMALL(T_Rinat,27),T_Rinat,0),"") | AA33: =IFERROR(MATCH(SMALL(T_Tamar,27),T_Tamar,0),"") | AB33: =IFERROR(MATCH(SMALL(T_Other,27),T_Other,0),"")
A34: =IF($Y34="","",INDEX(T_ID,$Y34)) | B34: =IF($Y34="","",INDEX(T_Task,$Y34)) | C34: =IF($Y34="","",INDEX(T_Due,$Y34)) | D34: =IF($Y34="","",INDEX(T_Eff,$Y34)) | F34: =IF($Z34="","",INDEX(T_ID,$Z34)) | G34: =IF($Z34="","",INDEX(T_Task,$Z34)) | H34: =IF($Z34="","",INDEX(T_Due,$Z34)) | I34: =IF($Z34="","",INDEX(T_Eff,$Z34)) | K34: =IF($AA34="","",INDEX(T_ID,$AA34)) | L34: =IF($AA34="","",INDEX(T_Task,$AA34)) | M34: =IF($AA34="","",INDEX(T_Due,$AA34)) | N34: =IF($AA34="","",INDEX(T_Eff,$AA34)) | P34: =IF($AB34="","",INDEX(T_ID,$AB34)) | Q34: =IF($AB34="","",INDEX(T_Task,$AB34)) | R34: =IF($AB34="","",INDEX(T_Due,$AB34)) | S34: =IF($AB34="","",INDEX(T_Eff,$AB34)) | Y34: =IFERROR(MATCH(SMALL(T_Ariel,28),T_Ariel,0),"") | Z34: =IFERROR(MATCH(SMALL(T_Rinat,28),T_Rinat,0),"") | AA34: =IFERROR(MATCH(SMALL(T_Tamar,28),T_Tamar,0),"") | AB34: =IFERROR(MATCH(SMALL(T_Other,28),T_Other,0),"")
A35: =IF($Y35="","",INDEX(T_ID,$Y35)) | B35: =IF($Y35="","",INDEX(T_Task,$Y35)) | C35: =IF($Y35="","",INDEX(T_Due,$Y35)) | D35: =IF($Y35="","",INDEX(T_Eff,$Y35)) | F35: =IF($Z35="","",INDEX(T_ID,$Z35)) | G35: =IF($Z35="","",INDEX(T_Task,$Z35)) | H35: =IF($Z35="","",INDEX(T_Due,$Z35)) | I35: =IF($Z35="","",INDEX(T_Eff,$Z35)) | K35: =IF($AA35="","",INDEX(T_ID,$AA35)) | L35: =IF($AA35="","",INDEX(T_Task,$AA35)) | M35: =IF($AA35="","",INDEX(T_Due,$AA35)) | N35: =IF($AA35="","",INDEX(T_Eff,$AA35)) | P35: =IF($AB35="","",INDEX(T_ID,$AB35)) | Q35: =IF($AB35="","",INDEX(T_Task,$AB35)) | R35: =IF($AB35="","",INDEX(T_Due,$AB35)) | S35: =IF($AB35="","",INDEX(T_Eff,$AB35)) | Y35: =IFERROR(MATCH(SMALL(T_Ariel,29),T_Ariel,0),"") | Z35: =IFERROR(MATCH(SMALL(T_Rinat,29),T_Rinat,0),"") | AA35: =IFERROR(MATCH(SMALL(T_Tamar,29),T_Tamar,0),"") | AB35: =IFERROR(MATCH(SMALL(T_Other,29),T_Other,0),"")
A36: =IF($Y36="","",INDEX(T_ID,$Y36)) | B36: =IF($Y36="","",INDEX(T_Task,$Y36)) | C36: =IF($Y36="","",INDEX(T_Due,$Y36)) | D36: =IF($Y36="","",INDEX(T_Eff,$Y36)) | F36: =IF($Z36="","",INDEX(T_ID,$Z36)) | G36: =IF($Z36="","",INDEX(T_Task,$Z36)) | H36: =IF($Z36="","",INDEX(T_Due,$Z36)) | I36: =IF($Z36="","",INDEX(T_Eff,$Z36)) | K36: =IF($AA36="","",INDEX(T_ID,$AA36)) | L36: =IF($AA36="","",INDEX(T_Task,$AA36)) | M36: =IF($AA36="","",INDEX(T_Due,$AA36)) | N36: =IF($AA36="","",INDEX(T_Eff,$AA36)) | P36: =IF($AB36="","",INDEX(T_ID,$AB36)) | Q36: =IF($AB36="","",INDEX(T_Task,$AB36)) | R36: =IF($AB36="","",INDEX(T_Due,$AB36)) | S36: =IF($AB36="","",INDEX(T_Eff,$AB36)) | Y36: =IFERROR(MATCH(SMALL(T_Ariel,30),T_Ariel,0),"") | Z36: =IFERROR(MATCH(SMALL(T_Rinat,30),T_Rinat,0),"") | AA36: =IFERROR(MATCH(SMALL(T_Tamar,30),T_Tamar,0),"") | AB36: =IFERROR(MATCH(SMALL(T_Other,30),T_Other,0),"")
A37: =IF($Y37="","",INDEX(T_ID,$Y37)) | B37: =IF($Y37="","",INDEX(T_Task,$Y37)) | C37: =IF($Y37="","",INDEX(T_Due,$Y37)) | D37: =IF($Y37="","",INDEX(T_Eff,$Y37)) | F37: =IF($Z37="","",INDEX(T_ID,$Z37)) | G37: =IF($Z37="","",INDEX(T_Task,$Z37)) | H37: =IF($Z37="","",INDEX(T_Due,$Z37)) | I37: =IF($Z37="","",INDEX(T_Eff,$Z37)) | K37: =IF($AA37="","",INDEX(T_ID,$AA37)) | L37: =IF($AA37="","",INDEX(T_Task,$AA37)) | M37: =IF($AA37="","",INDEX(T_Due,$AA37)) | N37: =IF($AA37="","",INDEX(T_Eff,$AA37)) | P37: =IF($AB37="","",INDEX(T_ID,$AB37)) | Q37: =IF($AB37="","",INDEX(T_Task,$AB37)) | R37: =IF($AB37="","",INDEX(T_Due,$AB37)) | S37: =IF($AB37="","",INDEX(T_Eff,$AB37)) | Y37: =IFERROR(MATCH(SMALL(T_Ariel,31),T_Ariel,0),"") | Z37: =IFERROR(MATCH(SMALL(T_Rinat,31),T_Rinat,0),"") | AA37: =IFERROR(MATCH(SMALL(T_Tamar,31),T_Tamar,0),"") | AB37: =IFERROR(MATCH(SMALL(T_Other,31),T_Other,0),"")
A38: =IF($Y38="","",INDEX(T_ID,$Y38)) | B38: =IF($Y38="","",INDEX(T_Task,$Y38)) | C38: =IF($Y38="","",INDEX(T_Due,$Y38)) | D38: =IF($Y38="","",INDEX(T_Eff,$Y38)) | F38: =IF($Z38="","",INDEX(T_ID,$Z38)) | G38: =IF($Z38="","",INDEX(T_Task,$Z38)) | H38: =IF($Z38="","",INDEX(T_Due,$Z38)) | I38: =IF($Z38="","",INDEX(T_Eff,$Z38)) | K38: =IF($AA38="","",INDEX(T_ID,$AA38)) | L38: =IF($AA38="","",INDEX(T_Task,$AA38)) | M38: =IF($AA38="","",INDEX(T_Due,$AA38)) | N38: =IF($AA38="","",INDEX(T_Eff,$AA38)) | P38: =IF($AB38="","",INDEX(T_ID,$AB38)) | Q38: =IF($AB38="","",INDEX(T_Task,$AB38)) | R38: =IF($AB38="","",INDEX(T_Due,$AB38)) | S38: =IF($AB38="","",INDEX(T_Eff,$AB38)) | Y38: =IFERROR(MATCH(SMALL(T_Ariel,32),T_Ariel,0),"") | Z38: =IFERROR(MATCH(SMALL(T_Rinat,32),T_Rinat,0),"") | AA38: =IFERROR(MATCH(SMALL(T_Tamar,32),T_Tamar,0),"") | AB38: =IFERROR(MATCH(SMALL(T_Other,32),T_Other,0),"")
A39: =IF($Y39="","",INDEX(T_ID,$Y39)) | B39: =IF($Y39="","",INDEX(T_Task,$Y39)) | C39: =IF($Y39="","",INDEX(T_Due,$Y39)) | D39: =IF($Y39="","",INDEX(T_Eff,$Y39)) | F39: =IF($Z39="","",INDEX(T_ID,$Z39)) | G39: =IF($Z39="","",INDEX(T_Task,$Z39)) | H39: =IF($Z39="","",INDEX(T_Due,$Z39)) | I39: =IF($Z39="","",INDEX(T_Eff,$Z39)) | K39: =IF($AA39="","",INDEX(T_ID,$AA39)) | L39: =IF($AA39="","",INDEX(T_Task,$AA39)) | M39: =IF($AA39="","",INDEX(T_Due,$AA39)) | N39: =IF($AA39="","",INDEX(T_Eff,$AA39)) | P39: =IF($AB39="","",INDEX(T_ID,$AB39)) | Q39: =IF($AB39="","",INDEX(T_Task,$AB39)) | R39: =IF($AB39="","",INDEX(T_Due,$AB39)) | S39: =IF($AB39="","",INDEX(T_Eff,$AB39)) | Y39: =IFERROR(MATCH(SMALL(T_Ariel,33),T_Ariel,0),"") | Z39: =IFERROR(MATCH(SMALL(T_Rinat,33),T_Rinat,0),"") | AA39: =IFERROR(MATCH(SMALL(T_Tamar,33),T_Tamar,0),"") | AB39: =IFERROR(MATCH(SMALL(T_Other,33),T_Other,0),"")
A40: =IF($Y40="","",INDEX(T_ID,$Y40)) | B40: =IF($Y40="","",INDEX(T_Task,$Y40)) | C40: =IF($Y40="","",INDEX(T_Due,$Y40)) | D40: =IF($Y40="","",INDEX(T_Eff,$Y40)) | F40: =IF($Z40="","",INDEX(T_ID,$Z40)) | G40: =IF($Z40="","",INDEX(T_Task,$Z40)) | H40: =IF($Z40="","",INDEX(T_Due,$Z40)) | I40: =IF($Z40="","",INDEX(T_Eff,$Z40)) | K40: =IF($AA40="","",INDEX(T_ID,$AA40)) | L40: =IF($AA40="","",INDEX(T_Task,$AA40)) | M40: =IF($AA40="","",INDEX(T_Due,$AA40)) | N40: =IF($AA40="","",INDEX(T_Eff,$AA40)) | P40: =IF($AB40="","",INDEX(T_ID,$AB40)) | Q40: =IF($AB40="","",INDEX(T_Task,$AB40)) | R40: =IF($AB40="","",INDEX(T_Due,$AB40)) | S40: =IF($AB40="","",INDEX(T_Eff,$AB40)) | Y40: =IFERROR(MATCH(SMALL(T_Ariel,34),T_Ariel,0),"") | Z40: =IFERROR(MATCH(SMALL(T_Rinat,34),T_Rinat,0),"") | AA40: =IFERROR(MATCH(SMALL(T_Tamar,34),T_Tamar,0),"") | AB40: =IFERROR(MATCH(SMALL(T_Other,34),T_Other,0),"")
A41: =IF($Y41="","",INDEX(T_ID,$Y41)) | B41: =IF($Y41="","",INDEX(T_Task,$Y41)) | C41: =IF($Y41="","",INDEX(T_Due,$Y41)) | D41: =IF($Y41="","",INDEX(T_Eff,$Y41)) | F41: =IF($Z41="","",INDEX(T_ID,$Z41)) | G41: =IF($Z41="","",INDEX(T_Task,$Z41)) | H41: =IF($Z41="","",INDEX(T_Due,$Z41)) | I41: =IF($Z41="","",INDEX(T_Eff,$Z41)) | K41: =IF($AA41="","",INDEX(T_ID,$AA41)) | L41: =IF($AA41="","",INDEX(T_Task,$AA41)) | M41: =IF($AA41="","",INDEX(T_Due,$AA41)) | N41: =IF($AA41="","",INDEX(T_Eff,$AA41)) | P41: =IF($AB41="","",INDEX(T_ID,$AB41)) | Q41: =IF($AB41="","",INDEX(T_Task,$AB41)) | R41: =IF($AB41="","",INDEX(T_Due,$AB41)) | S41: =IF($AB41="","",INDEX(T_Eff,$AB41)) | Y41: =IFERROR(MATCH(SMALL(T_Ariel,35),T_Ariel,0),"") | Z41: =IFERROR(MATCH(SMALL(T_Rinat,35),T_Rinat,0),"") | AA41: =IFERROR(MATCH(SMALL(T_Tamar,35),T_Tamar,0),"") | AB41: =IFERROR(MATCH(SMALL(T_Other,35),T_Other,0),"")
A42: =IF($Y42="","",INDEX(T_ID,$Y42)) | B42: =IF($Y42="","",INDEX(T_Task,$Y42)) | C42: =IF($Y42="","",INDEX(T_Due,$Y42)) | D42: =IF($Y42="","",INDEX(T_Eff,$Y42)) | F42: =IF($Z42="","",INDEX(T_ID,$Z42)) | G42: =IF($Z42="","",INDEX(T_Task,$Z42)) | H42: =IF($Z42="","",INDEX(T_Due,$Z42)) | I42: =IF($Z42="","",INDEX(T_Eff,$Z42)) | K42: =IF($AA42="","",INDEX(T_ID,$AA42)) | L42: =IF($AA42="","",INDEX(T_Task,$AA42)) | M42: =IF($AA42="","",INDEX(T_Due,$AA42)) | N42: =IF($AA42="","",INDEX(T_Eff,$AA42)) | P42: =IF($AB42="","",INDEX(T_ID,$AB42)) | Q42: =IF($AB42="","",INDEX(T_Task,$AB42)) | R42: =IF($AB42="","",INDEX(T_Due,$AB42)) | S42: =IF($AB42="","",INDEX(T_Eff,$AB42)) | Y42: =IFERROR(MATCH(SMALL(T_Ariel,36),T_Ariel,0),"") | Z42: =IFERROR(MATCH(SMALL(T_Rinat,36),T_Rinat,0),"") | AA42: =IFERROR(MATCH(SMALL(T_Tamar,36),T_Tamar,0),"") | AB42: =IFERROR(MATCH(SMALL(T_Other,36),T_Other,0),"")
A43: =IF($Y43="","",INDEX(T_ID,$Y43)) | B43: =IF($Y43="","",INDEX(T_Task,$Y43)) | C43: =IF($Y43="","",INDEX(T_Due,$Y43)) | D43: =IF($Y43="","",INDEX(T_Eff,$Y43)) | F43: =IF($Z43="","",INDEX(T_ID,$Z43)) | G43: =IF($Z43="","",INDEX(T_Task,$Z43)) | H43: =IF($Z43="","",INDEX(T_Due,$Z43)) | I43: =IF($Z43="","",INDEX(T_Eff,$Z43)) | K43: =IF($AA43="","",INDEX(T_ID,$AA43)) | L43: =IF($AA43="","",INDEX(T_Task,$AA43)) | M43: =IF($AA43="","",INDEX(T_Due,$AA43)) | N43: =IF($AA43="","",INDEX(T_Eff,$AA43)) | P43: =IF($AB43="","",INDEX(T_ID,$AB43)) | Q43: =IF($AB43="","",INDEX(T_Task,$AB43)) | R43: =IF($AB43="","",INDEX(T_Due,$AB43)) | S43: =IF($AB43="","",INDEX(T_Eff,$AB43)) | Y43: =IFERROR(MATCH(SMALL(T_Ariel,37),T_Ariel,0),"") | Z43: =IFERROR(MATCH(SMALL(T_Rinat,37),T_Rinat,0),"") | AA43: =IFERROR(MATCH(SMALL(T_Tamar,37),T_Tamar,0),"") | AB43: =IFERROR(MATCH(SMALL(T_Other,37),T_Other,0),"")
A44: =IF($Y44="","",INDEX(T_ID,$Y44)) | B44: =IF($Y44="","",INDEX(T_Task,$Y44)) | C44: =IF($Y44="","",INDEX(T_Due,$Y44)) | D44: =IF($Y44="","",INDEX(T_Eff,$Y44)) | F44: =IF($Z44="","",INDEX(T_ID,$Z44)) | G44: =IF($Z44="","",INDEX(T_Task,$Z44)) | H44: =IF($Z44="","",INDEX(T_Due,$Z44)) | I44: =IF($Z44="","",INDEX(T_Eff,$Z44)) | K44: =IF($AA44="","",INDEX(T_ID,$AA44)) | L44: =IF($AA44="","",INDEX(T_Task,$AA44)) | M44: =IF($AA44="","",INDEX(T_Due,$AA44)) | N44: =IF($AA44="","",INDEX(T_Eff,$AA44)) | P44: =IF($AB44="","",INDEX(T_ID,$AB44)) | Q44: =IF($AB44="","",INDEX(T_Task,$AB44)) | R44: =IF($AB44="","",INDEX(T_Due,$AB44)) | S44: =IF($AB44="","",INDEX(T_Eff,$AB44)) | Y44: =IFERROR(MATCH(SMALL(T_Ariel,38),T_Ariel,0),"") | Z44: =IFERROR(MATCH(SMALL(T_Rinat,38),T_Rinat,0),"") | AA44: =IFERROR(MATCH(SMALL(T_Tamar,38),T_Tamar,0),"") | AB44: =IFERROR(MATCH(SMALL(T_Other,38),T_Other,0),"")
A45: =IF($Y45="","",INDEX(T_ID,$Y45)) | B45: =IF($Y45="","",INDEX(T_Task,$Y45)) | C45: =IF($Y45="","",INDEX(T_Due,$Y45)) | D45: =IF($Y45="","",INDEX(T_Eff,$Y45)) | F45: =IF($Z45="","",INDEX(T_ID,$Z45)) | G45: =IF($Z45="","",INDEX(T_Task,$Z45)) | H45: =IF($Z45="","",INDEX(T_Due,$Z45)) | I45: =IF($Z45="","",INDEX(T_Eff,$Z45)) | K45: =IF($AA45="","",INDEX(T_ID,$AA45)) | L45: =IF($AA45="","",INDEX(T_Task,$AA45)) | M45: =IF($AA45="","",INDEX(T_Due,$AA45)) | N45: =IF($AA45="","",INDEX(T_Eff,$AA45)) | P45: =IF($AB45="","",INDEX(T_ID,$AB45)) | Q45: =IF($AB45="","",INDEX(T_Task,$AB45)) | R45: =IF($AB45="","",INDEX(T_Due,$AB45)) | S45: =IF($AB45="","",INDEX(T_Eff,$AB45)) | Y45: =IFERROR(MATCH(SMALL(T_Ariel,39),T_Ariel,0),"") | Z45: =IFERROR(MATCH(SMALL(T_Rinat,39),T_Rinat,0),"") | AA45: =IFERROR(MATCH(SMALL(T_Tamar,39),T_Tamar,0),"") | AB45: =IFERROR(MATCH(SMALL(T_Other,39),T_Other,0),"")
A46: =IF($Y46="","",INDEX(T_ID,$Y46)) | B46: =IF($Y46="","",INDEX(T_Task,$Y46)) | C46: =IF($Y46="","",INDEX(T_Due,$Y46)) | D46: =IF($Y46="","",INDEX(T_Eff,$Y46)) | F46: =IF($Z46="","",INDEX(T_ID,$Z46)) | G46: =IF($Z46="","",INDEX(T_Task,$Z46)) | H46: =IF($Z46="","",INDEX(T_Due,$Z46)) | I46: =IF($Z46="","",INDEX(T_Eff,$Z46)) | K46: =IF($AA46="","",INDEX(T_ID,$AA46)) | L46: =IF($AA46="","",INDEX(T_Task,$AA46)) | M46: =IF($AA46="","",INDEX(T_Due,$AA46)) | N46: =IF($AA46="","",INDEX(T_Eff,$AA46)) | P46: =IF($AB46="","",INDEX(T_ID,$AB46)) | Q46: =IF($AB46="","",INDEX(T_Task,$AB46)) | R46: =IF($AB46="","",INDEX(T_Due,$AB46)) | S46: =IF($AB46="","",INDEX(T_Eff,$AB46)) | Y46: =IFERROR(MATCH(SMALL(T_Ariel,40),T_Ariel,0),"") | Z46: =IFERROR(MATCH(SMALL(T_Rinat,40),T_Rinat,0),"") | AA46: =IFERROR(MATCH(SMALL(T_Tamar,40),T_Tamar,0),"") | AB46: =IFERROR(MATCH(SMALL(T_Other,40),T_Other,0),"")
A47: =IF($Y47="","",INDEX(T_ID,$Y47)) | B47: =IF($Y47="","",INDEX(T_Task,$Y47)) | C47: =IF($Y47="","",INDEX(T_Due,$Y47)) | D47: =IF($Y47="","",INDEX(T_Eff,$Y47)) | F47: =IF($Z47="","",INDEX(T_ID,$Z47)) | G47: =IF($Z47="","",INDEX(T_Task,$Z47)) | H47: =IF($Z47="","",INDEX(T_Due,$Z47)) | I47: =IF($Z47="","",INDEX(T_Eff,$Z47)) | K47: =IF($AA47="","",INDEX(T_ID,$AA47)) | L47: =IF($AA47="","",INDEX(T_Task,$AA47)) | M47: =IF($AA47="","",INDEX(T_Due,$AA47)) | N47: =IF($AA47="","",INDEX(T_Eff,$AA47)) | P47: =IF($AB47="","",INDEX(T_ID,$AB47)) | Q47: =IF($AB47="","",INDEX(T_Task,$AB47)) | R47: =IF($AB47="","",INDEX(T_Due,$AB47)) | S47: =IF($AB47="","",INDEX(T_Eff,$AB47)) | Y47: =IFERROR(MATCH(SMALL(T_Ariel,41),T_Ariel,0),"") | Z47: =IFERROR(MATCH(SMALL(T_Rinat,41),T_Rinat,0),"") | AA47: =IFERROR(MATCH(SMALL(T_Tamar,41),T_Tamar,0),"") | AB47: =IFERROR(MATCH(SMALL(T_Other,41),T_Other,0),"")
A48: =IF($Y48="","",INDEX(T_ID,$Y48)) | B48: =IF($Y48="","",INDEX(T_Task,$Y48)) | C48: =IF($Y48="","",INDEX(T_Due,$Y48)) | D48: =IF($Y48="","",INDEX(T_Eff,$Y48)) | F48: =IF($Z48="","",INDEX(T_ID,$Z48)) | G48: =IF($Z48="","",INDEX(T_Task,$Z48)) | H48: =IF($Z48="","",INDEX(T_Due,$Z48)) | I48: =IF($Z48="","",INDEX(T_Eff,$Z48)) | K48: =IF($AA48="","",INDEX(T_ID,$AA48)) | L48: =IF($AA48="","",INDEX(T_Task,$AA48)) | M48: =IF($AA48="","",INDEX(T_Due,$AA48)) | N48: =IF($AA48="","",INDEX(T_Eff,$AA48)) | P48: =IF($AB48="","",INDEX(T_ID,$AB48)) | Q48: =IF($AB48="","",INDEX(T_Task,$AB48)) | R48: =IF($AB48="","",INDEX(T_Due,$AB48)) | S48: =IF($AB48="","",INDEX(T_Eff,$AB48)) | Y48: =IFERROR(MATCH(SMALL(T_Ariel,42),T_Ariel,0),"") | Z48: =IFERROR(MATCH(SMALL(T_Rinat,42),T_Rinat,0),"") | AA48: =IFERROR(MATCH(SMALL(T_Tamar,42),T_Tamar,0),"") | AB48: =IFERROR(MATCH(SMALL(T_Other,42),T_Other,0),"")
A49: =IF($Y49="","",INDEX(T_ID,$Y49)) | B49: =IF($Y49="","",INDEX(T_Task,$Y49)) | C49: =IF($Y49="","",INDEX(T_Due,$Y49)) | D49: =IF($Y49="","",INDEX(T_Eff,$Y49)) | F49: =IF($Z49="","",INDEX(T_ID,$Z49)) | G49: =IF($Z49="","",INDEX(T_Task,$Z49)) | H49: =IF($Z49="","",INDEX(T_Due,$Z49)) | I49: =IF($Z49="","",INDEX(T_Eff,$Z49)) | K49: =IF($AA49="","",INDEX(T_ID,$AA49)) | L49: =IF($AA49="","",INDEX(T_Task,$AA49)) | M49: =IF($AA49="","",INDEX(T_Due,$AA49)) | N49: =IF($AA49="","",INDEX(T_Eff,$AA49)) | P49: =IF($AB49="","",INDEX(T_ID,$AB49)) | Q49: =IF($AB49="","",INDEX(T_Task,$AB49)) | R49: =IF($AB49="","",INDEX(T_Due,$AB49)) | S49: =IF($AB49="","",INDEX(T_Eff,$AB49)) | Y49: =IFERROR(MATCH(SMALL(T_Ariel,43),T_Ariel,0),"") | Z49: =IFERROR(MATCH(SMALL(T_Rinat,43),T_Rinat,0),"") | AA49: =IFERROR(MATCH(SMALL(T_Tamar,43),T_Tamar,0),"") | AB49: =IFERROR(MATCH(SMALL(T_Other,43),T_Other,0),"")
A50: =IF($Y50="","",INDEX(T_ID,$Y50)) | B50: =IF($Y50="","",INDEX(T_Task,$Y50)) | C50: =IF($Y50="","",INDEX(T_Due,$Y50)) | D50: =IF($Y50="","",INDEX(T_Eff,$Y50)) | F50: =IF($Z50="","",INDEX(T_ID,$Z50)) | G50: =IF($Z50="","",INDEX(T_Task,$Z50)) | H50: =IF($Z50="","",INDEX(T_Due,$Z50)) | I50: =IF($Z50="","",INDEX(T_Eff,$Z50)) | K50: =IF($AA50="","",INDEX(T_ID,$AA50)) | L50: =IF($AA50="","",INDEX(T_Task,$AA50)) | M50: =IF($AA50="","",INDEX(T_Due,$AA50)) | N50: =IF($AA50="","",INDEX(T_Eff,$AA50)) | P50: =IF($AB50="","",INDEX(T_ID,$AB50)) | Q50: =IF($AB50="","",INDEX(T_Task,$AB50)) | R50: =IF($AB50="","",INDEX(T_Due,$AB50)) | S50: =IF($AB50="","",INDEX(T_Eff,$AB50)) | Y50: =IFERROR(MATCH(SMALL(T_Ariel,44),T_Ariel,0),"") | Z50: =IFERROR(MATCH(SMALL(T_Rinat,44),T_Rinat,0),"") | AA50: =IFERROR(MATCH(SMALL(T_Tamar,44),T_Tamar,0),"") | AB50: =IFERROR(MATCH(SMALL(T_Other,44),T_Other,0),"")
A51: =IF($Y51="","",INDEX(T_ID,$Y51)) | B51: =IF($Y51="","",INDEX(T_Task,$Y51)) | C51: =IF($Y51="","",INDEX(T_Due,$Y51)) | D51: =IF($Y51="","",INDEX(T_Eff,$Y51)) | F51: =IF($Z51="","",INDEX(T_ID,$Z51)) | G51: =IF($Z51="","",INDEX(T_Task,$Z51)) | H51: =IF($Z51="","",INDEX(T_Due,$Z51)) | I51: =IF($Z51="","",INDEX(T_Eff,$Z51)) | K51: =IF($AA51="","",INDEX(T_ID,$AA51)) | L51: =IF($AA51="","",INDEX(T_Task,$AA51)) | M51: =IF($AA51="","",INDEX(T_Due,$AA51)) | N51: =IF($AA51="","",INDEX(T_Eff,$AA51)) | P51: =IF($AB51="","",INDEX(T_ID,$AB51)) | Q51: =IF($AB51="","",INDEX(T_Task,$AB51)) | R51: =IF($AB51="","",INDEX(T_Due,$AB51)) | S51: =IF($AB51="","",INDEX(T_Eff,$AB51)) | Y51: =IFERROR(MATCH(SMALL(T_Ariel,45),T_Ariel,0),"") | Z51: =IFERROR(MATCH(SMALL(T_Rinat,45),T_Rinat,0),"") | AA51: =IFERROR(MATCH(SMALL(T_Tamar,45),T_Tamar,0),"") | AB51: =IFERROR(MATCH(SMALL(T_Other,45),T_Other,0),"")
A52: =IF($Y52="","",INDEX(T_ID,$Y52)) | B52: =IF($Y52="","",INDEX(T_Task,$Y52)) | C52: =IF($Y52="","",INDEX(T_Due,$Y52)) | D52: =IF($Y52="","",INDEX(T_Eff,$Y52)) | F52: =IF($Z52="","",INDEX(T_ID,$Z52)) | G52: =IF($Z52="","",INDEX(T_Task,$Z52)) | H52: =IF($Z52="","",INDEX(T_Due,$Z52)) | I52: =IF($Z52="","",INDEX(T_Eff,$Z52)) | K52: =IF($AA52="","",INDEX(T_ID,$AA52)) | L52: =IF($AA52="","",INDEX(T_Task,$AA52)) | M52: =IF($AA52="","",INDEX(T_Due,$AA52)) | N52: =IF($AA52="","",INDEX(T_Eff,$AA52)) | P52: =IF($AB52="","",INDEX(T_ID,$AB52)) | Q52: =IF($AB52="","",INDEX(T_Task,$AB52)) | R52: =IF($AB52="","",INDEX(T_Due,$AB52)) | S52: =IF($AB52="","",INDEX(T_Eff,$AB52)) | Y52: =IFERROR(MATCH(SMALL(T_Ariel,46),T_Ariel,0),"") | Z52: =IFERROR(MATCH(SMALL(T_Rinat,46),T_Rinat,0),"") | AA52: =IFERROR(MATCH(SMALL(T_Tamar,46),T_Tamar,0),"") | AB52: =IFERROR(MATCH(SMALL(T_Other,46),T_Other,0),"")
A53: =IF($Y53="","",INDEX(T_ID,$Y53)) | B53: =IF($Y53="","",INDEX(T_Task,$Y53)) | C53: =IF($Y53="","",INDEX(T_Due,$Y53)) | D53: =IF($Y53="","",INDEX(T_Eff,$Y53)) | F53: =IF($Z53="","",INDEX(T_ID,$Z53)) | G53: =IF($Z53="","",INDEX(T_Task,$Z53)) | H53: =IF($Z53="","",INDEX(T_Due,$Z53)) | I53: =IF($Z53="","",INDEX(T_Eff,$Z53)) | K53: =IF($AA53="","",INDEX(T_ID,$AA53)) | L53: =IF($AA53="","",INDEX(T_Task,$AA53)) | M53: =IF($AA53="","",INDEX(T_Due,$AA53)) | N53: =IF($AA53="","",INDEX(T_Eff,$AA53)) | P53: =IF($AB53="","",INDEX(T_ID,$AB53)) | Q53: =IF($AB53="","",INDEX(T_Task,$AB53)) | R53: =IF($AB53="","",INDEX(T_Due,$AB53)) | S53: =IF($AB53="","",INDEX(T_Eff,$AB53)) | Y53: =IFERROR(MATCH(SMALL(T_Ariel,47),T_Ariel,0),"") | Z53: =IFERROR(MATCH(SMALL(T_Rinat,47),T_Rinat,0),"") | AA53: =IFERROR(MATCH(SMALL(T_Tamar,47),T_Tamar,0),"") | AB53: =IFERROR(MATCH(SMALL(T_Other,47),T_Other,0),"")
A54: =IF($Y54="","",INDEX(T_ID,$Y54)) | B54: =IF($Y54="","",INDEX(T_Task,$Y54)) | C54: =IF($Y54="","",INDEX(T_Due,$Y54)) | D54: =IF($Y54="","",INDEX(T_Eff,$Y54)) | F54: =IF($Z54="","",INDEX(T_ID,$Z54)) | G54: =IF($Z54="","",INDEX(T_Task,$Z54)) | H54: =IF($Z54="","",INDEX(T_Due,$Z54)) | I54: =IF($Z54="","",INDEX(T_Eff,$Z54)) | K54: =IF($AA54="","",INDEX(T_ID,$AA54)) | L54: =IF($AA54="","",INDEX(T_Task,$AA54)) | M54: =IF($AA54="","",INDEX(T_Due,$AA54)) | N54: =IF($AA54="","",INDEX(T_Eff,$AA54)) | P54: =IF($AB54="","",INDEX(T_ID,$AB54)) | Q54: =IF($AB54="","",INDEX(T_Task,$AB54)) | R54: =IF($AB54="","",INDEX(T_Due,$AB54)) | S54: =IF($AB54="","",INDEX(T_Eff,$AB54)) | Y54: =IFERROR(MATCH(SMALL(T_Ariel,48),T_Ariel,0),"") | Z54: =IFERROR(MATCH(SMALL(T_Rinat,48),T_Rinat,0),"") | AA54: =IFERROR(MATCH(SMALL(T_Tamar,48),T_Tamar,0),"") | AB54: =IFERROR(MATCH(SMALL(T_Other,48),T_Other,0),"")
A55: =IF($Y55="","",INDEX(T_ID,$Y55)) | B55: =IF($Y55="","",INDEX(T_Task,$Y55)) | C55: =IF($Y55="","",INDEX(T_Due,$Y55)) | D55: =IF($Y55="","",INDEX(T_Eff,$Y55)) | F55: =IF($Z55="","",INDEX(T_ID,$Z55)) | G55: =IF($Z55="","",INDEX(T_Task,$Z55)) | H55: =IF($Z55="","",INDEX(T_Due,$Z55)) | I55: =IF($Z55="","",INDEX(T_Eff,$Z55)) | K55: =IF($AA55="","",INDEX(T_ID,$AA55)) | L55: =IF($AA55="","",INDEX(T_Task,$AA55)) | M55: =IF($AA55="","",INDEX(T_Due,$AA55)) | N55: =IF($AA55="","",INDEX(T_Eff,$AA55)) | P55: =IF($AB55="","",INDEX(T_ID,$AB55)) | Q55: =IF($AB55="","",INDEX(T_Task,$AB55)) | R55: =IF($AB55="","",INDEX(T_Due,$AB55)) | S55: =IF($AB55="","",INDEX(T_Eff,$AB55)) | Y55: =IFERROR(MATCH(SMALL(T_Ariel,49),T_Ariel,0),"") | Z55: =IFERROR(MATCH(SMALL(T_Rinat,49),T_Rinat,0),"") | AA55: =IFERROR(MATCH(SMALL(T_Tamar,49),T_Tamar,0),"") | AB55: =IFERROR(MATCH(SMALL(T_Other,49),T_Other,0),"")
A56: =IF($Y56="","",INDEX(T_ID,$Y56)) | B56: =IF($Y56="","",INDEX(T_Task,$Y56)) | C56: =IF($Y56="","",INDEX(T_Due,$Y56)) | D56: =IF($Y56="","",INDEX(T_Eff,$Y56)) | F56: =IF($Z56="","",INDEX(T_ID,$Z56)) | G56: =IF($Z56="","",INDEX(T_Task,$Z56)) | H56: =IF($Z56="","",INDEX(T_Due,$Z56)) | I56: =IF($Z56="","",INDEX(T_Eff,$Z56)) | K56: =IF($AA56="","",INDEX(T_ID,$AA56)) | L56: =IF($AA56="","",INDEX(T_Task,$AA56)) | M56: =IF($AA56="","",INDEX(T_Due,$AA56)) | N56: =IF($AA56="","",INDEX(T_Eff,$AA56)) | P56: =IF($AB56="","",INDEX(T_ID,$AB56)) | Q56: =IF($AB56="","",INDEX(T_Task,$AB56)) | R56: =IF($AB56="","",INDEX(T_Due,$AB56)) | S56: =IF($AB56="","",INDEX(T_Eff,$AB56)) | Y56: =IFERROR(MATCH(SMALL(T_Ariel,50),T_Ariel,0),"") | Z56: =IFERROR(MATCH(SMALL(T_Rinat,50),T_Rinat,0),"") | AA56: =IFERROR(MATCH(SMALL(T_Tamar,50),T_Tamar,0),"") | AB56: =IFERROR(MATCH(SMALL(T_Other,50),T_Other,0),"")
A57: =IF($Y57="","",INDEX(T_ID,$Y57)) | B57: =IF($Y57="","",INDEX(T_Task,$Y57)) | C57: =IF($Y57="","",INDEX(T_Due,$Y57)) | D57: =IF($Y57="","",INDEX(T_Eff,$Y57)) | F57: =IF($Z57="","",INDEX(T_ID,$Z57)) | G57: =IF($Z57="","",INDEX(T_Task,$Z57)) | H57: =IF($Z57="","",INDEX(T_Due,$Z57)) | I57: =IF($Z57="","",INDEX(T_Eff,$Z57)) | K57: =IF($AA57="","",INDEX(T_ID,$AA57)) | L57: =IF($AA57="","",INDEX(T_Task,$AA57)) | M57: =IF($AA57="","",INDEX(T_Due,$AA57)) | N57: =IF($AA57="","",INDEX(T_Eff,$AA57)) | P57: =IF($AB57="","",INDEX(T_ID,$AB57)) | Q57: =IF($AB57="","",INDEX(T_Task,$AB57)) | R57: =IF($AB57="","",INDEX(T_Due,$AB57)) | S57: =IF($AB57="","",INDEX(T_Eff,$AB57)) | Y57: =IFERROR(MATCH(SMALL(T_Ariel,51),T_Ariel,0),"") | Z57: =IFERROR(MATCH(SMALL(T_Rinat,51),T_Rinat,0),"") | AA57: =IFERROR(MATCH(SMALL(T_Tamar,51),T_Tamar,0),"") | AB57: =IFERROR(MATCH(SMALL(T_Other,51),T_Other,0),"")
A58: =IF($Y58="","",INDEX(T_ID,$Y58)) | B58: =IF($Y58="","",INDEX(T_Task,$Y58)) | C58: =IF($Y58="","",INDEX(T_Due,$Y58)) | D58: =IF($Y58="","",INDEX(T_Eff,$Y58)) | F58: =IF($Z58="","",INDEX(T_ID,$Z58)) | G58: =IF($Z58="","",INDEX(T_Task,$Z58)) | H58: =IF($Z58="","",INDEX(T_Due,$Z58)) | I58: =IF($Z58="","",INDEX(T_Eff,$Z58)) | K58: =IF($AA58="","",INDEX(T_ID,$AA58)) | L58: =IF($AA58="","",INDEX(T_Task,$AA58)) | M58: =IF($AA58="","",INDEX(T_Due,$AA58)) | N58: =IF($AA58="","",INDEX(T_Eff,$AA58)) | P58: =IF($AB58="","",INDEX(T_ID,$AB58)) | Q58: =IF($AB58="","",INDEX(T_Task,$AB58)) | R58: =IF($AB58="","",INDEX(T_Due,$AB58)) | S58: =IF($AB58="","",INDEX(T_Eff,$AB58)) | Y58: =IFERROR(MATCH(SMALL(T_Ariel,52),T_Ariel,0),"") | Z58: =IFERROR(MATCH(SMALL(T_Rinat,52),T_Rinat,0),"") | AA58: =IFERROR(MATCH(SMALL(T_Tamar,52),T_Tamar,0),"") | AB58: =IFERROR(MATCH(SMALL(T_Other,52),T_Other,0),"")
A59: =IF($Y59="","",INDEX(T_ID,$Y59)) | B59: =IF($Y59="","",INDEX(T_Task,$Y59)) | C59: =IF($Y59="","",INDEX(T_Due,$Y59)) | D59: =IF($Y59="","",INDEX(T_Eff,$Y59)) | F59: =IF($Z59="","",INDEX(T_ID,$Z59)) | G59: =IF($Z59="","",INDEX(T_Task,$Z59)) | H59: =IF($Z59="","",INDEX(T_Due,$Z59)) | I59: =IF($Z59="","",INDEX(T_Eff,$Z59)) | K59: =IF($AA59="","",INDEX(T_ID,$AA59)) | L59: =IF($AA59="","",INDEX(T_Task,$AA59)) | M59: =IF($AA59="","",INDEX(T_Due,$AA59)) | N59: =IF($AA59="","",INDEX(T_Eff,$AA59)) | P59: =IF($AB59="","",INDEX(T_ID,$AB59)) | Q59: =IF($AB59="","",INDEX(T_Task,$AB59)) | R59: =IF($AB59="","",INDEX(T_Due,$AB59)) | S59: =IF($AB59="","",INDEX(T_Eff,$AB59)) | Y59: =IFERROR(MATCH(SMALL(T_Ariel,53),T_Ariel,0),"") | Z59: =IFERROR(MATCH(SMALL(T_Rinat,53),T_Rinat,0),"") | AA59: =IFERROR(MATCH(SMALL(T_Tamar,53),T_Tamar,0),"") | AB59: =IFERROR(MATCH(SMALL(T_Other,53),T_Other,0),"")
A60: =IF($Y60="","",INDEX(T_ID,$Y60)) | B60: =IF($Y60="","",INDEX(T_Task,$Y60)) | C60: =IF($Y60="","",INDEX(T_Due,$Y60)) | D60: =IF($Y60="","",INDEX(T_Eff,$Y60)) | F60: =IF($Z60="","",INDEX(T_ID,$Z60)) | G60: =IF($Z60="","",INDEX(T_Task,$Z60)) | H60: =IF($Z60="","",INDEX(T_Due,$Z60)) | I60: =IF($Z60="","",INDEX(T_Eff,$Z60)) | K60: =IF($AA60="","",INDEX(T_ID,$AA60)) | L60: =IF($AA60="","",INDEX(T_Task,$AA60)) | M60: =IF($AA60="","",INDEX(T_Due,$AA60)) | N60: =IF($AA60="","",INDEX(T_Eff,$AA60)) | P60: =IF($AB60="","",INDEX(T_ID,$AB60)) | Q60: =IF($AB60="","",INDEX(T_Task,$AB60)) | R60: =IF($AB60="","",INDEX(T_Due,$AB60)) | S60: =IF($AB60="","",INDEX(T_Eff,$AB60)) | Y60: =IFERROR(MATCH(SMALL(T_Ariel,54),T_Ariel,0),"") | Z60: =IFERROR(MATCH(SMALL(T_Rinat,54),T_Rinat,0),"") | AA60: =IFERROR(MATCH(SMALL(T_Tamar,54),T_Tamar,0),"") | AB60: =IFERROR(MATCH(SMALL(T_Other,54),T_Other,0),"")
A61: =IF($Y61="","",INDEX(T_ID,$Y61)) | B61: =IF($Y61="","",INDEX(T_Task,$Y61)) | C61: =IF($Y61="","",INDEX(T_Due,$Y61)) | D61: =IF($Y61="","",INDEX(T_Eff,$Y61)) | F61: =IF($Z61="","",INDEX(T_ID,$Z61)) | G61: =IF($Z61="","",INDEX(T_Task,$Z61)) | H61: =IF($Z61="","",INDEX(T_Due,$Z61)) | I61: =IF($Z61="","",INDEX(T_Eff,$Z61)) | K61: =IF($AA61="","",INDEX(T_ID,$AA61)) | L61: =IF($AA61="","",INDEX(T_Task,$AA61)) | M61: =IF($AA61="","",INDEX(T_Due,$AA61)) | N61: =IF($AA61="","",INDEX(T_Eff,$AA61)) | P61: =IF($AB61="","",INDEX(T_ID,$AB61)) | Q61: =IF($AB61="","",INDEX(T_Task,$AB61)) | R61: =IF($AB61="","",INDEX(T_Due,$AB61)) | S61: =IF($AB61="","",INDEX(T_Eff,$AB61)) | Y61: =IFERROR(MATCH(SMALL(T_Ariel,55),T_Ariel,0),"") | Z61: =IFERROR(MATCH(SMALL(T_Rinat,55),T_Rinat,0),"") | AA61: =IFERROR(MATCH(SMALL(T_Tamar,55),T_Tamar,0),"") | AB61: =IFERROR(MATCH(SMALL(T_Other,55),T_Other,0),"")
A62: =IF($Y62="","",INDEX(T_ID,$Y62)) | B62: =IF($Y62="","",INDEX(T_Task,$Y62)) | C62: =IF($Y62="","",INDEX(T_Due,$Y62)) | D62: =IF($Y62="","",INDEX(T_Eff,$Y62)) | F62: =IF($Z62="","",INDEX(T_ID,$Z62)) | G62: =IF($Z62="","",INDEX(T_Task,$Z62)) | H62: =IF($Z62="","",INDEX(T_Due,$Z62)) | I62: =IF($Z62="","",INDEX(T_Eff,$Z62)) | K62: =IF($AA62="","",INDEX(T_ID,$AA62)) | L62: =IF($AA62="","",INDEX(T_Task,$AA62)) | M62: =IF($AA62="","",INDEX(T_Due,$AA62)) | N62: =IF($AA62="","",INDEX(T_Eff,$AA62)) | P62: =IF($AB62="","",INDEX(T_ID,$AB62)) | Q62: =IF($AB62="","",INDEX(T_Task,$AB62)) | R62: =IF($AB62="","",INDEX(T_Due,$AB62)) | S62: =IF($AB62="","",INDEX(T_Eff,$AB62)) | Y62: =IFERROR(MATCH(SMALL(T_Ariel,56),T_Ariel,0),"") | Z62: =IFERROR(MATCH(SMALL(T_Rinat,56),T_Rinat,0),"") | AA62: =IFERROR(MATCH(SMALL(T_Tamar,56),T_Tamar,0),"") | AB62: =IFERROR(MATCH(SMALL(T_Other,56),T_Other,0),"")
A63: =IF($Y63="","",INDEX(T_ID,$Y63)) | B63: =IF($Y63="","",INDEX(T_Task,$Y63)) | C63: =IF($Y63="","",INDEX(T_Due,$Y63)) | D63: =IF($Y63="","",INDEX(T_Eff,$Y63)) | F63: =IF($Z63="","",INDEX(T_ID,$Z63)) | G63: =IF($Z63="","",INDEX(T_Task,$Z63)) | H63: =IF($Z63="","",INDEX(T_Due,$Z63)) | I63: =IF($Z63="","",INDEX(T_Eff,$Z63)) | K63: =IF($AA63="","",INDEX(T_ID,$AA63)) | L63: =IF($AA63="","",INDEX(T_Task,$AA63)) | M63: =IF($AA63="","",INDEX(T_Due,$AA63)) | N63: =IF($AA63="","",INDEX(T_Eff,$AA63)) | P63: =IF($AB63="","",INDEX(T_ID,$AB63)) | Q63: =IF($AB63="","",INDEX(T_Task,$AB63)) | R63: =IF($AB63="","",INDEX(T_Due,$AB63)) | S63: =IF($AB63="","",INDEX(T_Eff,$AB63)) | Y63: =IFERROR(MATCH(SMALL(T_Ariel,57),T_Ariel,0),"") | Z63: =IFERROR(MATCH(SMALL(T_Rinat,57),T_Rinat,0),"") | AA63: =IFERROR(MATCH(SMALL(T_Tamar,57),T_Tamar,0),"") | AB63: =IFERROR(MATCH(SMALL(T_Other,57),T_Other,0),"")
A64: =IF($Y64="","",INDEX(T_ID,$Y64)) | B64: =IF($Y64="","",INDEX(T_Task,$Y64)) | C64: =IF($Y64="","",INDEX(T_Due,$Y64)) | D64: =IF($Y64="","",INDEX(T_Eff,$Y64)) | F64: =IF($Z64="","",INDEX(T_ID,$Z64)) | G64: =IF($Z64="","",INDEX(T_Task,$Z64)) | H64: =IF($Z64="","",INDEX(T_Due,$Z64)) | I64: =IF($Z64="","",INDEX(T_Eff,$Z64)) | K64: =IF($AA64="","",INDEX(T_ID,$AA64)) | L64: =IF($AA64="","",INDEX(T_Task,$AA64)) | M64: =IF($AA64="","",INDEX(T_Due,$AA64)) | N64: =IF($AA64="","",INDEX(T_Eff,$AA64)) | P64: =IF($AB64="","",INDEX(T_ID,$AB64)) | Q64: =IF($AB64="","",INDEX(T_Task,$AB64)) | R64: =IF($AB64="","",INDEX(T_Due,$AB64)) | S64: =IF($AB64="","",INDEX(T_Eff,$AB64)) | Y64: =IFERROR(MATCH(SMALL(T_Ariel,58),T_Ariel,0),"") | Z64: =IFERROR(MATCH(SMALL(T_Rinat,58),T_Rinat,0),"") | AA64: =IFERROR(MATCH(SMALL(T_Tamar,58),T_Tamar,0),"") | AB64: =IFERROR(MATCH(SMALL(T_Other,58),T_Other,0),"")
A65: =IF($Y65="","",INDEX(T_ID,$Y65)) | B65: =IF($Y65="","",INDEX(T_Task,$Y65)) | C65: =IF($Y65="","",INDEX(T_Due,$Y65)) | D65: =IF($Y65="","",INDEX(T_Eff,$Y65)) | F65: =IF($Z65="","",INDEX(T_ID,$Z65)) | G65: =IF($Z65="","",INDEX(T_Task,$Z65)) | H65: =IF($Z65="","",INDEX(T_Due,$Z65)) | I65: =IF($Z65="","",INDEX(T_Eff,$Z65)) | K65: =IF($AA65="","",INDEX(T_ID,$AA65)) | L65: =IF($AA65="","",INDEX(T_Task,$AA65)) | M65: =IF($AA65="","",INDEX(T_Due,$AA65)) | N65: =IF($AA65="","",INDEX(T_Eff,$AA65)) | P65: =IF($AB65="","",INDEX(T_ID,$AB65)) | Q65: =IF($AB65="","",INDEX(T_Task,$AB65)) | R65: =IF($AB65="","",INDEX(T_Due,$AB65)) | S65: =IF($AB65="","",INDEX(T_Eff,$AB65)) | Y65: =IFERROR(MATCH(SMALL(T_Ariel,59),T_Ariel,0),"") | Z65: =IFERROR(MATCH(SMALL(T_Rinat,59),T_Rinat,0),"") | AA65: =IFERROR(MATCH(SMALL(T_Tamar,59),T_Tamar,0),"") | AB65: =IFERROR(MATCH(SMALL(T_Other,59),T_Other,0),"")
A66: =IF($Y66="","",INDEX(T_ID,$Y66)) | B66: =IF($Y66="","",INDEX(T_Task,$Y66)) | C66: =IF($Y66="","",INDEX(T_Due,$Y66)) | D66: =IF($Y66="","",INDEX(T_Eff,$Y66)) | F66: =IF($Z66="","",INDEX(T_ID,$Z66)) | G66: =IF($Z66="","",INDEX(T_Task,$Z66)) | H66: =IF($Z66="","",INDEX(T_Due,$Z66)) | I66: =IF($Z66="","",INDEX(T_Eff,$Z66)) | K66: =IF($AA66="","",INDEX(T_ID,$AA66)) | L66: =IF($AA66="","",INDEX(T_Task,$AA66)) | M66: =IF($AA66="","",INDEX(T_Due,$AA66)) | N66: =IF($AA66="","",INDEX(T_Eff,$AA66)) | P66: =IF($AB66="","",INDEX(T_ID,$AB66)) | Q66: =IF($AB66="","",INDEX(T_Task,$AB66)) | R66: =IF($AB66="","",INDEX(T_Due,$AB66)) | S66: =IF($AB66="","",INDEX(T_Eff,$AB66)) | Y66: =IFERROR(MATCH(SMALL(T_Ariel,60),T_Ariel,0),"") | Z66: =IFERROR(MATCH(SMALL(T_Rinat,60),T_Rinat,0),"") | AA66: =IFERROR(MATCH(SMALL(T_Tamar,60),T_Tamar,0),"") | AB66: =IFERROR(MATCH(SMALL(T_Other,60),T_Other,0),"")
A67: =IF($Y67="","",INDEX(T_ID,$Y67)) | B67: =IF($Y67="","",INDEX(T_Task,$Y67)) | C67: =IF($Y67="","",INDEX(T_Due,$Y67)) | D67: =IF($Y67="","",INDEX(T_Eff,$Y67)) | F67: =IF($Z67="","",INDEX(T_ID,$Z67)) | G67: =IF($Z67="","",INDEX(T_Task,$Z67)) | H67: =IF($Z67="","",INDEX(T_Due,$Z67)) | I67: =IF($Z67="","",INDEX(T_Eff,$Z67)) | K67: =IF($AA67="","",INDEX(T_ID,$AA67)) | L67: =IF($AA67="","",INDEX(T_Task,$AA67)) | M67: =IF($AA67="","",INDEX(T_Due,$AA67)) | N67: =IF($AA67="","",INDEX(T_Eff,$AA67)) | P67: =IF($AB67="","",INDEX(T_ID,$AB67)) | Q67: =IF($AB67="","",INDEX(T_Task,$AB67)) | R67: =IF($AB67="","",INDEX(T_Due,$AB67)) | S67: =IF($AB67="","",INDEX(T_Eff,$AB67)) | Y67: =IFERROR(MATCH(SMALL(T_Ariel,61),T_Ariel,0),"") | Z67: =IFERROR(MATCH(SMALL(T_Rinat,61),T_Rinat,0),"") | AA67: =IFERROR(MATCH(SMALL(T_Tamar,61),T_Tamar,0),"") | AB67: =IFERROR(MATCH(SMALL(T_Other,61),T_Other,0),"")
A68: =IF($Y68="","",INDEX(T_ID,$Y68)) | B68: =IF($Y68="","",INDEX(T_Task,$Y68)) | C68: =IF($Y68="","",INDEX(T_Due,$Y68)) | D68: =IF($Y68="","",INDEX(T_Eff,$Y68)) | F68: =IF($Z68="","",INDEX(T_ID,$Z68)) | G68: =IF($Z68="","",INDEX(T_Task,$Z68)) | H68: =IF($Z68="","",INDEX(T_Due,$Z68)) | I68: =IF($Z68="","",INDEX(T_Eff,$Z68)) | K68: =IF($AA68="","",INDEX(T_ID,$AA68)) | L68: =IF($AA68="","",INDEX(T_Task,$AA68)) | M68: =IF($AA68="","",INDEX(T_Due,$AA68)) | N68: =IF($AA68="","",INDEX(T_Eff,$AA68)) | P68: =IF($AB68="","",INDEX(T_ID,$AB68)) | Q68: =IF($AB68="","",INDEX(T_Task,$AB68)) | R68: =IF($AB68="","",INDEX(T_Due,$AB68)) | S68: =IF($AB68="","",INDEX(T_Eff,$AB68)) | Y68: =IFERROR(MATCH(SMALL(T_Ariel,62),T_Ariel,0),"") | Z68: =IFERROR(MATCH(SMALL(T_Rinat,62),T_Rinat,0),"") | AA68: =IFERROR(MATCH(SMALL(T_Tamar,62),T_Tamar,0),"") | AB68: =IFERROR(MATCH(SMALL(T_Other,62),T_Other,0),"")
A69: =IF($Y69="","",INDEX(T_ID,$Y69)) | B69: =IF($Y69="","",INDEX(T_Task,$Y69)) | C69: =IF($Y69="","",INDEX(T_Due,$Y69)) | D69: =IF($Y69="","",INDEX(T_Eff,$Y69)) | F69: =IF($Z69="","",INDEX(T_ID,$Z69)) | G69: =IF($Z69="","",INDEX(T_Task,$Z69)) | H69: =IF($Z69="","",INDEX(T_Due,$Z69)) | I69: =IF($Z69="","",INDEX(T_Eff,$Z69)) | K69: =IF($AA69="","",INDEX(T_ID,$AA69)) | L69: =IF($AA69="","",INDEX(T_Task,$AA69)) | M69: =IF($AA69="","",INDEX(T_Due,$AA69)) | N69: =IF($AA69="","",INDEX(T_Eff,$AA69)) | P69: =IF($AB69="","",INDEX(T_ID,$AB69)) | Q69: =IF($AB69="","",INDEX(T_Task,$AB69)) | R69: =IF($AB69="","",INDEX(T_Due,$AB69)) | S69: =IF($AB69="","",INDEX(T_Eff,$AB69)) | Y69: =IFERROR(MATCH(SMALL(T_Ariel,63),T_Ariel,0),"") | Z69: =IFERROR(MATCH(SMALL(T_Rinat,63),T_Rinat,0),"") | AA69: =IFERROR(MATCH(SMALL(T_Tamar,63),T_Tamar,0),"") | AB69: =IFERROR(MATCH(SMALL(T_Other,63),T_Other,0),"")
A70: =IF($Y70="","",INDEX(T_ID,$Y70)) | B70: =IF($Y70="","",INDEX(T_Task,$Y70)) | C70: =IF($Y70="","",INDEX(T_Due,$Y70)) | D70: =IF($Y70="","",INDEX(T_Eff,$Y70)) | F70: =IF($Z70="","",INDEX(T_ID,$Z70)) | G70: =IF($Z70="","",INDEX(T_Task,$Z70)) | H70: =IF($Z70="","",INDEX(T_Due,$Z70)) | I70: =IF($Z70="","",INDEX(T_Eff,$Z70)) | K70: =IF($AA70="","",INDEX(T_ID,$AA70)) | L70: =IF($AA70="","",INDEX(T_Task,$AA70)) | M70: =IF($AA70="","",INDEX(T_Due,$AA70)) | N70: =IF($AA70="","",INDEX(T_Eff,$AA70)) | P70: =IF($AB70="","",INDEX(T_ID,$AB70)) | Q70: =IF($AB70="","",INDEX(T_Task,$AB70)) | R70: =IF($AB70="","",INDEX(T_Due,$AB70)) | S70: =IF($AB70="","",INDEX(T_Eff,$AB70)) | Y70: =IFERROR(MATCH(SMALL(T_Ariel,64),T_Ariel,0),"") | Z70: =IFERROR(MATCH(SMALL(T_Rinat,64),T_Rinat,0),"") | AA70: =IFERROR(MATCH(SMALL(T_Tamar,64),T_Tamar,0),"") | AB70: =IFERROR(MATCH(SMALL(T_Other,64),T_Other,0),"")
A71: =IF($Y71="","",INDEX(T_ID,$Y71)) | B71: =IF($Y71="","",INDEX(T_Task,$Y71)) | C71: =IF($Y71="","",INDEX(T_Due,$Y71)) | D71: =IF($Y71="","",INDEX(T_Eff,$Y71)) | F71: =IF($Z71="","",INDEX(T_ID,$Z71)) | G71: =IF($Z71="","",INDEX(T_Task,$Z71)) | H71: =IF($Z71="","",INDEX(T_Due,$Z71)) | I71: =IF($Z71="","",INDEX(T_Eff,$Z71)) | K71: =IF($AA71="","",INDEX(T_ID,$AA71)) | L71: =IF($AA71="","",INDEX(T_Task,$AA71)) | M71: =IF($AA71="","",INDEX(T_Due,$AA71)) | N71: =IF($AA71="","",INDEX(T_Eff,$AA71)) | P71: =IF($AB71="","",INDEX(T_ID,$AB71)) | Q71: =IF($AB71="","",INDEX(T_Task,$AB71)) | R71: =IF($AB71="","",INDEX(T_Due,$AB71)) | S71: =IF($AB71="","",INDEX(T_Eff,$AB71)) | Y71: =IFERROR(MATCH(SMALL(T_Ariel,65),T_Ariel,0),"") | Z71: =IFERROR(MATCH(SMALL(T_Rinat,65),T_Rinat,0),"") | AA71: =IFERROR(MATCH(SMALL(T_Tamar,65),T_Tamar,0),"") | AB71: =IFERROR(MATCH(SMALL(T_Other,65),T_Other,0),"")
A72: =IF($Y72="","",INDEX(T_ID,$Y72)) | B72: =IF($Y72="","",INDEX(T_Task,$Y72)) | C72: =IF($Y72="","",INDEX(T_Due,$Y72)) | D72: =IF($Y72="","",INDEX(T_Eff,$Y72)) | F72: =IF($Z72="","",INDEX(T_ID,$Z72)) | G72: =IF($Z72="","",INDEX(T_Task,$Z72)) | H72: =IF($Z72="","",INDEX(T_Due,$Z72)) | I72: =IF($Z72="","",INDEX(T_Eff,$Z72)) | K72: =IF($AA72="","",INDEX(T_ID,$AA72)) | L72: =IF($AA72="","",INDEX(T_Task,$AA72)) | M72: =IF($AA72="","",INDEX(T_Due,$AA72)) | N72: =IF($AA72="","",INDEX(T_Eff,$AA72)) | P72: =IF($AB72="","",INDEX(T_ID,$AB72)) | Q72: =IF($AB72="","",INDEX(T_Task,$AB72)) | R72: =IF($AB72="","",INDEX(T_Due,$AB72)) | S72: =IF($AB72="","",INDEX(T_Eff,$AB72)) | Y72: =IFERROR(MATCH(SMALL(T_Ariel,66),T_Ariel,0),"") | Z72: =IFERROR(MATCH(SMALL(T_Rinat,66),T_Rinat,0),"") | AA72: =IFERROR(MATCH(SMALL(T_Tamar,66),T_Tamar,0),"") | AB72: =IFERROR(MATCH(SMALL(T_Other,66),T_Other,0),"")

Sheet קנבן
B1: 🗂️ קנבן — לוח משימות לפי מצב
B2: מתעדכן אוטומטית מלשונית המשימות · בכל עמודה ממוין לפי תאריך יעד · לשינוי מצב: עדכנו את "סטטוס" בלשונית משימות
B4: ⚪ לא התחיל | C4: 🔵 בתהליך | D4: 🟡 ממתין / 🟣 תקוע | E4: 🔴 באיחור | F4: 🟢 הושלם | G4: ⚫ בוטל
B5: =COUNTIFS(T_Kan,">="&1*100000,T_Kan,"<"&2*100000)&" משימות" | C5: =COUNTIFS(T_Kan,">="&2*100000,T_Kan,"<"&3*100000)&" משימות" | D5: =COUNTIFS(T_Kan,">="&3*100000,T_Kan,"<"&4*100000)&" משימות" | E5: =COUNTIFS(T_Kan,">="&4*100000,T_Kan,"<"&5*100000)&" משימות" | F5: =COUNTIFS(T_Kan,">="&5*100000,T_Kan,"<"&6*100000)&" משימות" | G5: =COUNTIFS(T_Kan,">="&6*100000,T_Kan,"<"&7*100000)&" משימות"
